Week_Ending_Date,Race and Ethnicity,Vaccination Coverage Status,Pregnancy Status at Vaccination,Vaccination Coverage Percentage (%),Denominator,Date Order,Race Sort Order,Visual Figure Number,Pregnancy Vaccination Order
01/09/2021,All Races/Ethnicity,Fully Vaccinated,Before and During Pregnancy,0,"103,890",,1,1,2
01/16/2021,All Races/Ethnicity,Fully Vaccinated,Before and During Pregnancy,0.1,"104,250",,1,1,2
01/23/2021,All Races/Ethnicity,Fully Vaccinated,Before and During Pregnancy,0.2,"104,326",,1,1,2
01/30/2021,All Races/Ethnicity,Fully Vaccinated,Before and During Pregnancy,0.3,"104,623",,1,1,2
02/06/2021,All Races/Ethnicity,Fully Vaccinated,Before and During Pregnancy,0.5,"104,946",,1,1,2
02/13/2021,All Races/Ethnicity,Fully Vaccinated,Before and During Pregnancy,0.7,"104,927",,1,1,2
02/20/2021,All Races/Ethnicity,Fully Vaccinated,Before and During Pregnancy,0.9,"105,005",,1,1,2
02/27/2021,All Races/Ethnicity,Fully Vaccinated,Before and During Pregnancy,1,"105,186",,1,1,2
03/06/2021,All Races/Ethnicity,Fully Vaccinated,Before and During Pregnancy,1.2,"105,374",,1,1,2
03/13/2021,All Races/Ethnicity,Fully Vaccinated,Before and During Pregnancy,1.3,"105,426",,1,1,2
03/20/2021,All Races/Ethnicity,Fully Vaccinated,Before and During Pregnancy,1.4,"105,416",,1,1,2
03/27/2021,All Races/Ethnicity,Fully Vaccinated,Before and During Pregnancy,1.6,"105,411",,1,1,2
04/03/2021,All Races/Ethnicity,Fully Vaccinated,Before and During Pregnancy,1.9,"105,268",,1,1,2
04/10/2021,All Races/Ethnicity,Fully Vaccinated,Before and During Pregnancy,2.2,"105,282",,1,1,2
04/17/2021,All Races/Ethnicity,Fully Vaccinated,Before and During Pregnancy,2.5,"105,334",,1,1,2
04/24/2021,All Races/Ethnicity,Fully Vaccinated,Before and During Pregnancy,2.7,"105,124",,1,1,2
05/01/2021,All Races/Ethnicity,Fully Vaccinated,Before and During Pregnancy,3,"105,018",,1,1,2
05/08/2021,All Races/Ethnicity,Fully Vaccinated,Before and During Pregnancy,3.4,"104,992",,1,1,2
05/15/2021,All Races/Ethnicity,Fully Vaccinated,Before and During Pregnancy,3.7,"104,992",,1,1,2
05/22/2021,All Races/Ethnicity,Fully Vaccinated,Before and During Pregnancy,3.9,"105,044",,1,1,2
05/29/2021,All Races/Ethnicity,Fully Vaccinated,Before and During Pregnancy,4,"104,914",,1,1,2
06/05/2021,All Races/Ethnicity,Fully Vaccinated,Before and During Pregnancy,4.1,"104,718",,1,1,2
06/12/2021,All Races/Ethnicity,Fully Vaccinated,Before and During Pregnancy,4.2,"104,721",,1,1,2
06/19/2021,All Races/Ethnicity,Fully Vaccinated,Before and During Pregnancy,4.3,"104,629",,1,1,2
06/26/2021,All Races/Ethnicity,Fully Vaccinated,Before and During Pregnancy,4.3,"104,633",,1,1,2
07/03/2021,All Races/Ethnicity,Fully Vaccinated,Before and During Pregnancy,4.3,"104,400",,1,1,2
07/10/2021,All Races/Ethnicity,Fully Vaccinated,Before and During Pregnancy,4.3,"104,178",,1,1,2
07/17/2021,All Races/Ethnicity,Fully Vaccinated,Before and During Pregnancy,4.3,"104,033",,1,1,2
07/24/2021,All Races/Ethnicity,Fully Vaccinated,Before and During Pregnancy,4.3,"103,905",,1,1,2
07/31/2021,All Races/Ethnicity,Fully Vaccinated,Before and During Pregnancy,4.2,"103,746",,1,1,2
08/07/2021,All Races/Ethnicity,Fully Vaccinated,Before and During Pregnancy,4.2,"103,612",,1,1,2
08/14/2021,All Races/Ethnicity,Fully Vaccinated,Before and During Pregnancy,4.3,"103,349",,1,1,2
08/21/2021,All Races/Ethnicity,Fully Vaccinated,Before and During Pregnancy,4.3,"103,173",,1,1,2
08/28/2021,All Races/Ethnicity,Fully Vaccinated,Before and During Pregnancy,4.4,"102,762",,1,1,2
09/04/2021,All Races/Ethnicity,Fully Vaccinated,Before and During Pregnancy,4.5,"102,509",,1,1,2
09/11/2021,All Races/Ethnicity,Fully Vaccinated,Before and During Pregnancy,4.6,"102,196",,1,1,2
09/18/2021,All Races/Ethnicity,Fully Vaccinated,Before and During Pregnancy,4.6,"102,038",,1,1,2
09/25/2021,All Races/Ethnicity,Fully Vaccinated,Before and During Pregnancy,4.8,"101,757",,1,1,2
10/02/2021,All Races/Ethnicity,Fully Vaccinated,Before and During Pregnancy,4.8,"101,559",,1,1,2
10/09/2021,All Races/Ethnicity,Fully Vaccinated,Before and During Pregnancy,4.8,"101,430",,1,1,2
10/16/2021,All Races/Ethnicity,Fully Vaccinated,Before and During Pregnancy,4.8,"101,314",,1,1,2
10/23/2021,All Races/Ethnicity,Fully Vaccinated,Before and During Pregnancy,4.8,"101,246",,1,1,2
10/30/2021,All Races/Ethnicity,Fully Vaccinated,Before and During Pregnancy,4.7,"101,207",,1,1,2
11/06/2021,All Races/Ethnicity,Fully Vaccinated,Before and During Pregnancy,4.6,"101,361",,1,1,2
11/13/2021,All Races/Ethnicity,Fully Vaccinated,Before and During Pregnancy,4.5,"101,487",,1,1,2
11/20/2021,All Races/Ethnicity,Fully Vaccinated,Before and During Pregnancy,4.4,"101,537",,1,1,2
11/27/2021,All Races/Ethnicity,Fully Vaccinated,Before and During Pregnancy,4.3,"101,778",,1,1,2
12/04/2021,All Races/Ethnicity,Fully Vaccinated,Before and During Pregnancy,4.2,"102,108",,1,1,2
12/11/2021,All Races/Ethnicity,Fully Vaccinated,Before and During Pregnancy,4.1,"101,925",,1,1,2
12/18/2021,All Races/Ethnicity,Fully Vaccinated,Before and During Pregnancy,3.9,"102,046",,1,1,2
12/25/2021,All Races/Ethnicity,Fully Vaccinated,Before and During Pregnancy,3.8,"101,941",,1,1,2
01/01/2022,All Races/Ethnicity,Fully Vaccinated,Before and During Pregnancy,3.6,"102,144",,1,1,2
01/08/2022,All Races/Ethnicity,Fully Vaccinated,Before and During Pregnancy,3.3,"102,176",,1,1,2
01/15/2022,All Races/Ethnicity,Fully Vaccinated,Before and During Pregnancy,3.2,"102,140",,1,1,2
01/22/2022,All Races/Ethnicity,Fully Vaccinated,Before and During Pregnancy,3,"102,076",,1,1,2
01/29/2022,All Races/Ethnicity,Fully Vaccinated,Before and During Pregnancy,2.7,"102,185",,1,1,2
02/05/2022,All Races/Ethnicity,Fully Vaccinated,Before and During Pregnancy,2.5,"102,404",,1,1,2
02/12/2022,All Races/Ethnicity,Fully Vaccinated,Before and During Pregnancy,2.3,"102,318",,1,1,2
12/25/2021,All Races/Ethnicity,Fully Vaccinated,Any,68.3,"101,941",,1,2,NULL
01/01/2022,All Races/Ethnicity,Fully Vaccinated,Any,68.7,"102,144",,1,2,NULL
01/08/2022,All Races/Ethnicity,Fully Vaccinated,Any,69,"102,176",,1,2,NULL
01/15/2022,All Races/Ethnicity,Fully Vaccinated,Any,69.4,"102,140",,1,2,NULL
01/22/2022,All Races/Ethnicity,Fully Vaccinated,Any,69.7,"102,076",,1,2,NULL
01/29/2022,All Races/Ethnicity,Fully Vaccinated,Any,70.1,"102,185",,1,2,NULL
02/05/2022,All Races/Ethnicity,Fully Vaccinated,Any,70.4,"102,404",,1,2,NULL
02/12/2022,All Races/Ethnicity,Fully Vaccinated,Any,70.7,"102,318",,1,2,NULL
02/19/2022,All Races/Ethnicity,Fully Vaccinated,Any,70.8,"102,158",,1,2,NULL
09/04/2021,"Black, NH",Fully Vaccinated,Any,30.9,"7,541",,3,2,NULL
09/11/2021,"Black, NH",Fully Vaccinated,Any,33.2,"7,503",,3,2,NULL
09/18/2021,"Black, NH",Fully Vaccinated,Any,34.9,"7,472",,3,2,NULL
09/25/2021,"Black, NH",Fully Vaccinated,Any,37.2,"7,455",,3,2,NULL
10/02/2021,"Black, NH",Fully Vaccinated,Any,38.8,"7,455",,3,2,NULL
10/09/2021,"Black, NH",Fully Vaccinated,Any,40.5,"7,452",,3,2,NULL
10/16/2021,"Black, NH",Fully Vaccinated,Any,41.7,"7,462",,3,2,NULL
10/23/2021,"Black, NH",Fully Vaccinated,Any,43.2,"7,467",,3,2,NULL
10/30/2021,"Black, NH",Fully Vaccinated,Any,44.7,"7,468",,3,2,NULL
11/06/2021,"Black, NH",Fully Vaccinated,Any,46,"7,532",,3,2,NULL
02/26/2022,All Races/Ethnicity,Fully Vaccinated,Any,71,"102,250",,1,2,NULL
03/05/2022,All Races/Ethnicity,Fully Vaccinated,Any,71.1,"102,305",,1,2,NULL
03/12/2022,All Races/Ethnicity,Fully Vaccinated,Any,71.2,"102,234",,1,2,NULL
03/19/2022,All Races/Ethnicity,Fully Vaccinated,Any,71.4,"102,132",,1,2,NULL
03/26/2022,All Races/Ethnicity,Fully Vaccinated,Any,71.4,"102,044",,1,2,NULL
04/02/2022,All Races/Ethnicity,Fully Vaccinated,Any,71.5,"101,916",,1,2,NULL
04/09/2022,All Races/Ethnicity,Fully Vaccinated,Any,71.5,"101,836",,1,2,NULL
04/16/2022,All Races/Ethnicity,Fully Vaccinated,Any,71.6,"101,844",,1,2,NULL
04/23/2022,All Races/Ethnicity,Fully Vaccinated,Any,71.6,"101,838",,1,2,NULL
04/30/2022,All Races/Ethnicity,Fully Vaccinated,Any,71.7,"101,818",,1,2,NULL
05/07/2022,All Races/Ethnicity,Fully Vaccinated,Any,71.7,"101,806",,1,2,NULL
05/14/2022,All Races/Ethnicity,Fully Vaccinated,Any,71.7,"101,657",,1,2,NULL
05/21/2022,All Races/Ethnicity,Fully Vaccinated,Any,71.7,"101,596",,1,2,NULL
05/28/2022,All Races/Ethnicity,Fully Vaccinated,Any,71.7,"101,453",,1,2,NULL
06/04/2022,All Races/Ethnicity,Fully Vaccinated,Any,71.8,"101,248",,1,2,NULL
06/11/2022,All Races/Ethnicity,Fully Vaccinated,Any,71.8,"101,227",,1,2,NULL
06/18/2022,All Races/Ethnicity,Fully Vaccinated,Any,71.7,"101,178",,1,2,NULL
06/25/2022,All Races/Ethnicity,Fully Vaccinated,Any,71.7,"101,270",,1,2,NULL
07/02/2022,All Races/Ethnicity,Fully Vaccinated,Any,71.7,"101,364",,1,2,NULL
07/09/2022,All Races/Ethnicity,Fully Vaccinated,Any,71.7,"101,381",,1,2,NULL
07/16/2022,All Races/Ethnicity,Fully Vaccinated,Any,71.7,"101,607",,1,2,NULL
07/23/2022,All Races/Ethnicity,Fully Vaccinated,Any,71.7,"101,548",,1,2,NULL
07/30/2022,All Races/Ethnicity,Fully Vaccinated,Any,71.7,"101,475",,1,2,NULL
08/06/2022,All Races/Ethnicity,Fully Vaccinated,Any,71.6,"101,515",,1,2,NULL
08/13/2022,All Races/Ethnicity,Fully Vaccinated,Any,71.6,"101,408",,1,2,NULL
08/20/2022,All Races/Ethnicity,Fully Vaccinated,Any,71.5,"101,419",,1,2,NULL
08/27/2022,All Races/Ethnicity,Fully Vaccinated,Any,71.5,"101,347",,1,2,NULL
09/03/2022,All Races/Ethnicity,Fully Vaccinated,Any,71.5,"101,149",,1,2,NULL
09/10/2022,All Races/Ethnicity,Fully Vaccinated,Any,71.5,"100,842",,1,2,NULL
09/17/2022,All Races/Ethnicity,Fully Vaccinated,Any,71.4,"100,832",,1,2,NULL
09/24/2022,All Races/Ethnicity,Fully Vaccinated,Any,71.5,"100,885",,1,2,NULL
10/01/2022,All Races/Ethnicity,Fully Vaccinated,Any,71.4,"100,903",,1,2,NULL
10/08/2022,All Races/Ethnicity,Fully Vaccinated,Any,71.4,"101,037",,1,2,NULL
10/15/2022,All Races/Ethnicity,Fully Vaccinated,Any,71.5,"101,436",,1,2,NULL
10/22/2022,All Races/Ethnicity,Fully Vaccinated,Any,71.5,"101,932",,1,2,NULL
10/29/2022,All Races/Ethnicity,Fully Vaccinated,Any,71.5,"102,400",,1,2,NULL
11/05/2022,All Races/Ethnicity,Fully Vaccinated,Any,71.6,"102,759",,1,2,NULL
11/12/2022,All Races/Ethnicity,Fully Vaccinated,Any,71.6,"102,937",,1,2,NULL
11/19/2022,All Races/Ethnicity,Fully Vaccinated,Any,71.5,"103,142",,1,2,NULL
11/26/2022,All Races/Ethnicity,Fully Vaccinated,Any,71.5,"102,794",,1,2,NULL
12/03/2022,All Races/Ethnicity,Fully Vaccinated,Any,71.5,"102,932",,1,2,NULL
12/10/2022,All Races/Ethnicity,Fully Vaccinated,Any,71.5,"102,461",,1,2,NULL
12/17/2022,All Races/Ethnicity,Fully Vaccinated,Any,71.4,"102,445",,1,2,NULL
12/24/2022,All Races/Ethnicity,Fully Vaccinated,Any,71.4,"102,294",,1,2,NULL
12/31/2022,All Races/Ethnicity,Fully Vaccinated,Any,71.4,"102,051",,1,2,NULL
01/07/2023,All Races/Ethnicity,Fully Vaccinated,Any,71.4,"102,268",,1,2,NULL
01/14/2023,All Races/Ethnicity,Fully Vaccinated,Any,71.4,"102,234",,1,2,NULL
01/21/2023,All Races/Ethnicity,Fully Vaccinated,Any,71.4,"102,047",,1,2,NULL
01/28/2023,All Races/Ethnicity,Fully Vaccinated,Any,71.4,"101,871",,1,2,NULL
02/04/2023,All Races/Ethnicity,Fully Vaccinated,Any,71.4,"101,644",,1,2,NULL
02/11/2023,All Races/Ethnicity,Fully Vaccinated,Any,71.4,"101,282",,1,2,NULL
02/18/2023,All Races/Ethnicity,Fully Vaccinated,Any,71.4,"100,858",,1,2,NULL
02/25/2023,All Races/Ethnicity,Fully Vaccinated,Any,71.5,"100,257",,1,2,NULL
03/04/2023,All Races/Ethnicity,Fully Vaccinated,Any,71.5,"99,665",,1,2,NULL
03/11/2023,All Races/Ethnicity,Fully Vaccinated,Any,71.5,"98,855",,1,2,NULL
03/18/2023,All Races/Ethnicity,Fully Vaccinated,Any,71.5,"97,960",,1,2,NULL
03/25/2023,All Races/Ethnicity,Fully Vaccinated,Any,71.6,"96,831",,1,2,NULL
04/01/2023,All Races/Ethnicity,Fully Vaccinated,Any,71.6,"95,338",,1,2,NULL
04/08/2023,All Races/Ethnicity,Fully Vaccinated,Any,71.6,"93,718",,1,2,NULL
04/15/2023,All Races/Ethnicity,Fully Vaccinated,Any,71.6,"91,606",,1,2,NULL
11/13/2021,"Black, NH",Fully Vaccinated,Any,47.2,"7,531",,3,2,NULL
11/20/2021,"Black, NH",Fully Vaccinated,Any,48,"7,518",,3,2,NULL
11/27/2021,"Black, NH",Fully Vaccinated,Any,49,"7,558",,3,2,NULL
12/04/2021,"Black, NH",Fully Vaccinated,Any,49.9,"7,603",,3,2,NULL
12/11/2021,"Black, NH",Fully Vaccinated,Any,50.4,"7,565",,3,2,NULL
12/18/2021,"Black, NH",Fully Vaccinated,Any,51.2,"7,519",,3,2,NULL
12/25/2021,"Black, NH",Fully Vaccinated,Any,51.7,"7,475",,3,2,NULL
01/01/2022,"Black, NH",Fully Vaccinated,Any,52.5,"7,476",,3,2,NULL
01/08/2022,"Black, NH",Fully Vaccinated,Any,53.2,"7,508",,3,2,NULL
01/15/2022,"Black, NH",Fully Vaccinated,Any,53.8,"7,508",,3,2,NULL
01/22/2022,"Black, NH",Fully Vaccinated,Any,54.3,"7,453",,3,2,NULL
01/29/2022,"Black, NH",Fully Vaccinated,Any,54.8,"7,472",,3,2,NULL
02/05/2022,"Black, NH",Fully Vaccinated,Any,55.4,"7,478",,3,2,NULL
02/12/2022,"Black, NH",Fully Vaccinated,Any,56,"7,479",,3,2,NULL
02/19/2022,"Black, NH",Fully Vaccinated,Any,56.2,"7,483",,3,2,NULL
02/26/2022,"Black, NH",Fully Vaccinated,Any,56.8,"7,502",,3,2,NULL
03/05/2022,"Black, NH",Fully Vaccinated,Any,57,"7,492",,3,2,NULL
03/12/2022,"Black, NH",Fully Vaccinated,Any,57.2,"7,501",,3,2,NULL
03/19/2022,"Black, NH",Fully Vaccinated,Any,57.6,"7,496",,3,2,NULL
03/26/2022,"Black, NH",Fully Vaccinated,Any,58.1,"7,514",,3,2,NULL
04/02/2022,"Black, NH",Fully Vaccinated,Any,58.4,"7,472",,3,2,NULL
04/09/2022,"Black, NH",Fully Vaccinated,Any,58.6,"7,434",,3,2,NULL
04/16/2022,"Black, NH",Fully Vaccinated,Any,58.7,"7,423",,3,2,NULL
04/23/2022,"Black, NH",Fully Vaccinated,Any,58.6,"7,432",,3,2,NULL
04/30/2022,"Black, NH",Fully Vaccinated,Any,58.6,"7,454",,3,2,NULL
05/07/2022,"Black, NH",Fully Vaccinated,Any,58.6,"7,486",,3,2,NULL
05/14/2022,"Black, NH",Fully Vaccinated,Any,58.6,"7,478",,3,2,NULL
05/21/2022,"Black, NH",Fully Vaccinated,Any,58.7,"7,474",,3,2,NULL
05/28/2022,"Black, NH",Fully Vaccinated,Any,58.9,"7,481",,3,2,NULL
06/04/2022,"Black, NH",Fully Vaccinated,Any,58.9,"7,472",,3,2,NULL
06/11/2022,"Black, NH",Fully Vaccinated,Any,58.8,"7,483",,3,2,NULL
06/18/2022,"Black, NH",Fully Vaccinated,Any,58.6,"7,477",,3,2,NULL
06/25/2022,"Black, NH",Fully Vaccinated,Any,58.6,"7,479",,3,2,NULL
07/02/2022,"Black, NH",Fully Vaccinated,Any,58.5,"7,464",,3,2,NULL
07/09/2022,"Black, NH",Fully Vaccinated,Any,58.5,"7,467",,3,2,NULL
07/16/2022,"Black, NH",Fully Vaccinated,Any,58.5,"7,511",,3,2,NULL
07/23/2022,"Black, NH",Fully Vaccinated,Any,58.3,"7,471",,3,2,NULL
07/30/2022,"Black, NH",Fully Vaccinated,Any,58.6,"7,452",,3,2,NULL
08/06/2022,"Black, NH",Fully Vaccinated,Any,58.4,"7,432",,3,2,NULL
08/13/2022,"Black, NH",Fully Vaccinated,Any,58.4,"7,392",,3,2,NULL
08/20/2022,"Black, NH",Fully Vaccinated,Any,58.2,"7,401",,3,2,NULL
08/27/2022,"Black, NH",Fully Vaccinated,Any,58.1,"7,398",,3,2,NULL
09/03/2022,"Black, NH",Fully Vaccinated,Any,57.9,"7,390",,3,2,NULL
09/10/2022,"Black, NH",Fully Vaccinated,Any,57.8,"7,407",,3,2,NULL
09/17/2022,"Black, NH",Fully Vaccinated,Any,58,"7,410",,3,2,NULL
09/24/2022,"Black, NH",Fully Vaccinated,Any,58,"7,425",,3,2,NULL
10/01/2022,"Black, NH",Fully Vaccinated,Any,58,"7,444",,3,2,NULL
10/08/2022,"Black, NH",Fully Vaccinated,Any,58.1,"7,467",,3,2,NULL
10/15/2022,"Black, NH",Fully Vaccinated,Any,58.2,"7,527",,3,2,NULL
10/22/2022,"Black, NH",Fully Vaccinated,Any,58.2,"7,544",,3,2,NULL
10/29/2022,"Black, NH",Fully Vaccinated,Any,58.5,"7,561",,3,2,NULL
11/05/2022,"Black, NH",Fully Vaccinated,Any,59,"7,584",,3,2,NULL
11/12/2022,"Black, NH",Fully Vaccinated,Any,59,"7,633",,3,2,NULL
11/19/2022,"Black, NH",Fully Vaccinated,Any,59.3,"7,643",,3,2,NULL
11/26/2022,"Black, NH",Fully Vaccinated,Any,59.3,"7,601",,3,2,NULL
12/03/2022,"Black, NH",Fully Vaccinated,Any,59.1,"7,616",,3,2,NULL
12/10/2022,"Black, NH",Fully Vaccinated,Any,59.3,"7,573",,3,2,NULL
12/17/2022,"Black, NH",Fully Vaccinated,Any,59,"7,588",,3,2,NULL
12/24/2022,"Black, NH",Fully Vaccinated,Any,58.9,"7,561",,3,2,NULL
12/31/2022,"Black, NH",Fully Vaccinated,Any,59,"7,503",,3,2,NULL
01/07/2023,"Black, NH",Fully Vaccinated,Any,58.9,"7,533",,3,2,NULL
01/14/2023,"Black, NH",Fully Vaccinated,Any,58.8,"7,531",,3,2,NULL
01/21/2023,"Black, NH",Fully Vaccinated,Any,58.7,"7,510",,3,2,NULL
01/28/2023,"Black, NH",Fully Vaccinated,Any,58.6,"7,501",,3,2,NULL
04/08/2023,"Black, NH",Fully Vaccinated,Any,58.8,"6,750",,3,2,NULL
04/15/2023,"Black, NH",Fully Vaccinated,Any,58.8,"6,573",,3,2,NULL
04/22/2023,"Black, NH",Fully Vaccinated,Any,59,"6,385",,3,2,NULL
04/29/2023,"Black, NH",Fully Vaccinated,Any,59.1,"6,179",,3,2,NULL
05/06/2023,"Black, NH",Fully Vaccinated,Any,59.2,"5,932",,3,2,NULL
05/13/2023,"Black, NH",Fully Vaccinated,Any,59.2,"5,682",,3,2,NULL
05/20/2023,"Black, NH",Fully Vaccinated,Any,59.3,"5,439",,3,2,NULL
05/27/2023,"Black, NH",Fully Vaccinated,Any,59.2,"5,187",,3,2,NULL
06/03/2023,"Black, NH",Fully Vaccinated,Any,59.2,"4,935",,3,2,NULL
12/19/2020,Hispanic/Latino,Fully Vaccinated,Any,0,"34,864",,4,2,NULL
12/26/2020,Hispanic/Latino,Fully Vaccinated,Any,0,"35,095",,4,2,NULL
01/02/2021,Hispanic/Latino,Fully Vaccinated,Any,0,"35,320",,4,2,NULL
01/09/2021,Hispanic/Latino,Fully Vaccinated,Any,0.1,"35,486",,4,2,NULL
01/16/2021,Hispanic/Latino,Fully Vaccinated,Any,0.3,"35,628",,4,2,NULL
01/23/2021,Hispanic/Latino,Fully Vaccinated,Any,0.6,"35,658",,4,2,NULL
01/30/2021,Hispanic/Latino,Fully Vaccinated,Any,1,"35,813",,4,2,NULL
02/06/2021,Hispanic/Latino,Fully Vaccinated,Any,1.6,"35,965",,4,2,NULL
02/13/2021,Hispanic/Latino,Fully Vaccinated,Any,2.5,"36,030",,4,2,NULL
02/20/2021,Hispanic/Latino,Fully Vaccinated,Any,3.3,"36,108",,4,2,NULL
02/27/2021,Hispanic/Latino,Fully Vaccinated,Any,3.9,"36,162",,4,2,NULL
03/06/2021,Hispanic/Latino,Fully Vaccinated,Any,4.5,"36,291",,4,2,NULL
03/13/2021,Hispanic/Latino,Fully Vaccinated,Any,5.2,"36,372",,4,2,NULL
03/20/2021,Hispanic/Latino,Fully Vaccinated,Any,6.5,"36,464",,4,2,NULL
03/27/2021,Hispanic/Latino,Fully Vaccinated,Any,8.1,"36,513",,4,2,NULL
04/03/2021,Hispanic/Latino,Fully Vaccinated,Any,9.9,"36,542",,4,2,NULL
04/10/2021,Hispanic/Latino,Fully Vaccinated,Any,12.1,"36,691",,4,2,NULL
04/17/2021,Hispanic/Latino,Fully Vaccinated,Any,14.5,"36,804",,4,2,NULL
04/24/2021,Hispanic/Latino,Fully Vaccinated,Any,17.2,"36,830",,4,2,NULL
05/01/2021,Hispanic/Latino,Fully Vaccinated,Any,19.7,"36,830",,4,2,NULL
05/08/2021,Hispanic/Latino,Fully Vaccinated,Any,22.1,"36,846",,4,2,NULL
05/15/2021,Hispanic/Latino,Fully Vaccinated,Any,24.5,"36,877",,4,2,NULL
05/22/2021,Hispanic/Latino,Fully Vaccinated,Any,26.6,"36,893",,4,2,NULL
05/29/2021,Hispanic/Latino,Fully Vaccinated,Any,28.4,"36,919",,4,2,NULL
06/05/2021,Hispanic/Latino,Fully Vaccinated,Any,30,"36,864",,4,2,NULL
06/12/2021,Hispanic/Latino,Fully Vaccinated,Any,31.6,"36,939",,4,2,NULL
06/19/2021,Hispanic/Latino,Fully Vaccinated,Any,33,"37,028",,4,2,NULL
06/26/2021,Hispanic/Latino,Fully Vaccinated,Any,34.3,"37,001",,4,2,NULL
07/03/2021,Hispanic/Latino,Fully Vaccinated,Any,35.4,"36,890",,4,2,NULL
07/10/2021,Hispanic/Latino,Fully Vaccinated,Any,36.6,"36,880",,4,2,NULL
07/17/2021,Hispanic/Latino,Fully Vaccinated,Any,37.6,"36,853",,4,2,NULL
07/24/2021,Hispanic/Latino,Fully Vaccinated,Any,38.8,"36,820",,4,2,NULL
07/31/2021,Hispanic/Latino,Fully Vaccinated,Any,39.7,"36,835",,4,2,NULL
08/07/2021,Hispanic/Latino,Fully Vaccinated,Any,40.9,"36,787",,4,2,NULL
08/14/2021,Hispanic/Latino,Fully Vaccinated,Any,42.2,"36,692",,4,2,NULL
08/21/2021,Hispanic/Latino,Fully Vaccinated,Any,43.6,"36,630",,4,2,NULL
08/28/2021,Hispanic/Latino,Fully Vaccinated,Any,45.2,"36,495",,4,2,NULL
09/04/2021,Hispanic/Latino,Fully Vaccinated,Any,46.9,"36,355",,4,2,NULL
09/11/2021,Hispanic/Latino,Fully Vaccinated,Any,48.9,"36,272",,4,2,NULL
09/18/2021,Hispanic/Latino,Fully Vaccinated,Any,51.3,"36,171",,4,2,NULL
09/25/2021,Hispanic/Latino,Fully Vaccinated,Any,53.4,"36,083",,4,2,NULL
10/02/2021,Hispanic/Latino,Fully Vaccinated,Any,55.2,"36,007",,4,2,NULL
10/09/2021,Hispanic/Latino,Fully Vaccinated,Any,56.6,"35,948",,4,2,NULL
10/16/2021,Hispanic/Latino,Fully Vaccinated,Any,57.9,"35,901",,4,2,NULL
10/23/2021,Hispanic/Latino,Fully Vaccinated,Any,59.2,"35,958",,4,2,NULL
10/30/2021,Hispanic/Latino,Fully Vaccinated,Any,60.3,"35,982",,4,2,NULL
11/06/2021,Hispanic/Latino,Fully Vaccinated,Any,61.3,"36,117",,4,2,NULL
11/13/2021,Hispanic/Latino,Fully Vaccinated,Any,62,"36,198",,4,2,NULL
11/20/2021,Hispanic/Latino,Fully Vaccinated,Any,62.7,"36,313",,4,2,NULL
11/27/2021,Hispanic/Latino,Fully Vaccinated,Any,63.2,"36,427",,4,2,NULL
12/04/2021,Hispanic/Latino,Fully Vaccinated,Any,63.9,"36,615",,4,2,NULL
12/11/2021,Hispanic/Latino,Fully Vaccinated,Any,64.5,"36,592",,4,2,NULL
12/18/2021,Hispanic/Latino,Fully Vaccinated,Any,65,"36,693",,4,2,NULL
12/25/2021,Hispanic/Latino,Fully Vaccinated,Any,65.6,"36,658",,4,2,NULL
01/01/2022,Hispanic/Latino,Fully Vaccinated,Any,66,"36,753",,4,2,NULL
01/08/2022,Hispanic/Latino,Fully Vaccinated,Any,66.4,"36,790",,4,2,NULL
01/15/2022,Hispanic/Latino,Fully Vaccinated,Any,66.9,"36,740",,4,2,NULL
01/22/2022,Hispanic/Latino,Fully Vaccinated,Any,67.4,"36,745",,4,2,NULL
01/29/2022,Hispanic/Latino,Fully Vaccinated,Any,67.9,"36,755",,4,2,NULL
02/05/2022,Hispanic/Latino,Fully Vaccinated,Any,68.3,"36,819",,4,2,NULL
02/12/2022,Hispanic/Latino,Fully Vaccinated,Any,68.8,"36,751",,4,2,NULL
02/19/2022,Hispanic/Latino,Fully Vaccinated,Any,69,"36,763",,4,2,NULL
02/26/2022,Hispanic/Latino,Fully Vaccinated,Any,69.2,"36,860",,4,2,NULL
03/05/2022,Hispanic/Latino,Fully Vaccinated,Any,69.4,"36,974",,4,2,NULL
03/12/2022,Hispanic/Latino,Fully Vaccinated,Any,69.6,"37,055",,4,2,NULL
03/19/2022,Hispanic/Latino,Fully Vaccinated,Any,69.8,"36,964",,4,2,NULL
03/26/2022,Hispanic/Latino,Fully Vaccinated,Any,70,"36,954",,4,2,NULL
04/02/2022,Hispanic/Latino,Fully Vaccinated,Any,70.1,"36,949",,4,2,NULL
04/09/2022,Hispanic/Latino,Fully Vaccinated,Any,70.2,"36,981",,4,2,NULL
04/16/2022,Hispanic/Latino,Fully Vaccinated,Any,70.3,"37,009",,4,2,NULL
04/23/2022,Hispanic/Latino,Fully Vaccinated,Any,70.4,"37,073",,4,2,NULL
04/30/2022,Hispanic/Latino,Fully Vaccinated,Any,70.5,"37,071",,4,2,NULL
05/07/2022,Hispanic/Latino,Fully Vaccinated,Any,70.6,"37,101",,4,2,NULL
05/14/2022,Hispanic/Latino,Fully Vaccinated,Any,70.7,"37,036",,4,2,NULL
05/21/2022,Hispanic/Latino,Fully Vaccinated,Any,70.7,"37,004",,4,2,NULL
05/28/2022,Hispanic/Latino,Fully Vaccinated,Any,70.9,"36,934",,4,2,NULL
06/04/2022,Hispanic/Latino,Fully Vaccinated,Any,70.9,"36,937",,4,2,NULL
06/11/2022,Hispanic/Latino,Fully Vaccinated,Any,71,"36,998",,4,2,NULL
06/18/2022,Hispanic/Latino,Fully Vaccinated,Any,71,"36,948",,4,2,NULL
06/25/2022,Hispanic/Latino,Fully Vaccinated,Any,71,"36,978",,4,2,NULL
07/02/2022,Hispanic/Latino,Fully Vaccinated,Any,71,"36,978",,4,2,NULL
07/09/2022,Hispanic/Latino,Fully Vaccinated,Any,70.9,"36,966",,4,2,NULL
07/16/2022,Hispanic/Latino,Fully Vaccinated,Any,70.9,"36,989",,4,2,NULL
07/23/2022,Hispanic/Latino,Fully Vaccinated,Any,70.9,"37,043",,4,2,NULL
07/30/2022,Hispanic/Latino,Fully Vaccinated,Any,70.9,"36,939",,4,2,NULL
08/06/2022,Hispanic/Latino,Fully Vaccinated,Any,70.7,"36,924",,4,2,NULL
08/13/2022,Hispanic/Latino,Fully Vaccinated,Any,70.6,"36,897",,4,2,NULL
08/20/2022,Hispanic/Latino,Fully Vaccinated,Any,70.6,"36,824",,4,2,NULL
08/27/2022,Hispanic/Latino,Fully Vaccinated,Any,70.7,"36,754",,4,2,NULL
09/03/2022,Hispanic/Latino,Fully Vaccinated,Any,70.7,"36,626",,4,2,NULL
09/10/2022,Hispanic/Latino,Fully Vaccinated,Any,70.8,"36,425",,4,2,NULL
09/17/2022,Hispanic/Latino,Fully Vaccinated,Any,70.8,"36,337",,4,2,NULL
09/24/2022,Hispanic/Latino,Fully Vaccinated,Any,70.8,"36,279",,4,2,NULL
10/01/2022,Hispanic/Latino,Fully Vaccinated,Any,70.8,"36,176",,4,2,NULL
10/08/2022,Hispanic/Latino,Fully Vaccinated,Any,70.8,"36,216",,4,2,NULL
10/15/2022,Hispanic/Latino,Fully Vaccinated,Any,70.9,"36,225",,4,2,NULL
10/22/2022,Hispanic/Latino,Fully Vaccinated,Any,71.2,"36,283",,4,2,NULL
10/29/2022,Hispanic/Latino,Fully Vaccinated,Any,71.1,"36,304",,4,2,NULL
11/05/2022,Hispanic/Latino,Fully Vaccinated,Any,71.1,"36,342",,4,2,NULL
11/12/2022,Hispanic/Latino,Fully Vaccinated,Any,71.1,"36,388",,4,2,NULL
11/19/2022,Hispanic/Latino,Fully Vaccinated,Any,70.9,"36,456",,4,2,NULL
11/26/2022,Hispanic/Latino,Fully Vaccinated,Any,70.9,"36,364",,4,2,NULL
12/03/2022,Hispanic/Latino,Fully Vaccinated,Any,70.9,"36,390",,4,2,NULL
12/10/2022,Hispanic/Latino,Fully Vaccinated,Any,71,"36,221",,4,2,NULL
12/17/2022,Hispanic/Latino,Fully Vaccinated,Any,70.9,"36,253",,4,2,NULL
12/24/2022,Hispanic/Latino,Fully Vaccinated,Any,70.9,"36,285",,4,2,NULL
12/31/2022,Hispanic/Latino,Fully Vaccinated,Any,70.9,"36,296",,4,2,NULL
01/07/2023,Hispanic/Latino,Fully Vaccinated,Any,70.9,"36,389",,4,2,NULL
01/14/2023,Hispanic/Latino,Fully Vaccinated,Any,70.8,"36,356",,4,2,NULL
01/21/2023,Hispanic/Latino,Fully Vaccinated,Any,70.8,"36,236",,4,2,NULL
01/28/2023,Hispanic/Latino,Fully Vaccinated,Any,70.9,"36,195",,4,2,NULL
02/04/2023,Hispanic/Latino,Fully Vaccinated,Any,70.9,"36,068",,4,2,NULL
04/22/2023,All Races/Ethnicity,Fully Vaccinated,Any,71.7,"89,003",,1,2,NULL
04/29/2023,All Races/Ethnicity,Fully Vaccinated,Any,71.7,"86,174",,1,2,NULL
05/06/2023,All Races/Ethnicity,Fully Vaccinated,Any,71.6,"83,188",,1,2,NULL
05/13/2023,All Races/Ethnicity,Fully Vaccinated,Any,71.6,"79,925",,1,2,NULL
05/20/2023,All Races/Ethnicity,Fully Vaccinated,Any,71.6,"76,756",,1,2,NULL
05/27/2023,All Races/Ethnicity,Fully Vaccinated,Any,71.6,"73,590",,1,2,NULL
06/03/2023,All Races/Ethnicity,Fully Vaccinated,Any,71.6,"70,671",,1,2,NULL
01/02/2021,"Asian, NH",Fully Vaccinated,Any,0,"15,669",,2,2,NULL
01/09/2021,"Asian, NH",Fully Vaccinated,Any,0.5,"15,698",,2,2,NULL
01/16/2021,"Asian, NH",Fully Vaccinated,Any,1.5,"15,757",,2,2,NULL
01/23/2021,"Asian, NH",Fully Vaccinated,Any,2.4,"15,820",,2,2,NULL
01/30/2021,"Asian, NH",Fully Vaccinated,Any,3.7,"15,825",,2,2,NULL
02/06/2021,"Asian, NH",Fully Vaccinated,Any,5.4,"15,863",,2,2,NULL
02/13/2021,"Asian, NH",Fully Vaccinated,Any,7.3,"15,842",,2,2,NULL
02/20/2021,"Asian, NH",Fully Vaccinated,Any,8.6,"15,849",,2,2,NULL
02/27/2021,"Asian, NH",Fully Vaccinated,Any,9.5,"15,930",,2,2,NULL
03/06/2021,"Asian, NH",Fully Vaccinated,Any,10.6,"15,983",,2,2,NULL
03/13/2021,"Asian, NH",Fully Vaccinated,Any,12,"15,992",,2,2,NULL
03/20/2021,"Asian, NH",Fully Vaccinated,Any,13.9,"16,043",,2,2,NULL
03/27/2021,"Asian, NH",Fully Vaccinated,Any,16.3,"16,091",,2,2,NULL
04/03/2021,"Asian, NH",Fully Vaccinated,Any,18.8,"16,082",,2,2,NULL
04/10/2021,"Asian, NH",Fully Vaccinated,Any,22.7,"16,043",,2,2,NULL
04/17/2021,"Asian, NH",Fully Vaccinated,Any,27,"16,027",,2,2,NULL
04/24/2021,"Asian, NH",Fully Vaccinated,Any,32,"15,993",,2,2,NULL
05/01/2021,"Asian, NH",Fully Vaccinated,Any,37.1,"15,965",,2,2,NULL
05/08/2021,"Asian, NH",Fully Vaccinated,Any,42.1,"15,975",,2,2,NULL
05/15/2021,"Asian, NH",Fully Vaccinated,Any,46.3,"16,010",,2,2,NULL
05/22/2021,"Asian, NH",Fully Vaccinated,Any,50.4,"16,055",,2,2,NULL
05/29/2021,"Asian, NH",Fully Vaccinated,Any,53.5,"16,026",,2,2,NULL
06/05/2021,"Asian, NH",Fully Vaccinated,Any,56.2,"16,005",,2,2,NULL
06/12/2021,"Asian, NH",Fully Vaccinated,Any,59,"16,016",,2,2,NULL
06/19/2021,"Asian, NH",Fully Vaccinated,Any,61.2,"15,973",,2,2,NULL
06/26/2021,"Asian, NH",Fully Vaccinated,Any,63,"15,996",,2,2,NULL
07/03/2021,"Asian, NH",Fully Vaccinated,Any,64.7,"15,988",,2,2,NULL
07/10/2021,"Asian, NH",Fully Vaccinated,Any,66.4,"15,969",,2,2,NULL
07/17/2021,"Asian, NH",Fully Vaccinated,Any,67.8,"15,954",,2,2,NULL
07/24/2021,"Asian, NH",Fully Vaccinated,Any,69.2,"15,955",,2,2,NULL
07/31/2021,"Asian, NH",Fully Vaccinated,Any,70.5,"15,977",,2,2,NULL
08/07/2021,"Asian, NH",Fully Vaccinated,Any,71.9,"16,023",,2,2,NULL
08/14/2021,"Asian, NH",Fully Vaccinated,Any,73.4,"15,997",,2,2,NULL
08/21/2021,"Asian, NH",Fully Vaccinated,Any,74.8,"16,005",,2,2,NULL
08/28/2021,"Asian, NH",Fully Vaccinated,Any,76.2,"15,919",,2,2,NULL
09/04/2021,"Asian, NH",Fully Vaccinated,Any,77.4,"15,926",,2,2,NULL
09/11/2021,"Asian, NH",Fully Vaccinated,Any,79.2,"15,896",,2,2,NULL
09/18/2021,"Asian, NH",Fully Vaccinated,Any,80.9,"15,913",,2,2,NULL
09/25/2021,"Asian, NH",Fully Vaccinated,Any,82.3,"15,891",,2,2,NULL
02/04/2023,"Black, NH",Fully Vaccinated,Any,58.6,"7,463",,3,2,NULL
02/11/2023,"Black, NH",Fully Vaccinated,Any,58.5,"7,408",,3,2,NULL
02/18/2023,"Black, NH",Fully Vaccinated,Any,58.4,"7,362",,3,2,NULL
02/25/2023,"Black, NH",Fully Vaccinated,Any,58.4,"7,308",,3,2,NULL
03/04/2023,"Black, NH",Fully Vaccinated,Any,58.7,"7,263",,3,2,NULL
03/11/2023,"Black, NH",Fully Vaccinated,Any,58.4,"7,219",,3,2,NULL
03/18/2023,"Black, NH",Fully Vaccinated,Any,58.6,"7,136",,3,2,NULL
03/25/2023,"Black, NH",Fully Vaccinated,Any,58.9,"7,025",,3,2,NULL
04/01/2023,"Black, NH",Fully Vaccinated,Any,58.9,"6,879",,3,2,NULL
02/11/2023,Hispanic/Latino,Fully Vaccinated,Any,70.9,"35,916",,4,2,NULL
02/18/2023,Hispanic/Latino,Fully Vaccinated,Any,70.9,"35,815",,4,2,NULL
02/25/2023,Hispanic/Latino,Fully Vaccinated,Any,71,"35,610",,4,2,NULL
03/04/2023,Hispanic/Latino,Fully Vaccinated,Any,71,"35,364",,4,2,NULL
03/11/2023,Hispanic/Latino,Fully Vaccinated,Any,71.1,"35,032",,4,2,NULL
03/18/2023,Hispanic/Latino,Fully Vaccinated,Any,71.1,"34,699",,4,2,NULL
03/25/2023,Hispanic/Latino,Fully Vaccinated,Any,71.1,"34,364",,4,2,NULL
04/01/2023,Hispanic/Latino,Fully Vaccinated,Any,71.1,"33,827",,4,2,NULL
04/08/2023,Hispanic/Latino,Fully Vaccinated,Any,71.1,"33,296",,4,2,NULL
04/15/2023,Hispanic/Latino,Fully Vaccinated,Any,71.2,"32,539",,4,2,NULL
04/22/2023,Hispanic/Latino,Fully Vaccinated,Any,71.2,"31,649",,4,2,NULL
04/29/2023,Hispanic/Latino,Fully Vaccinated,Any,71.2,"30,682",,4,2,NULL
05/06/2023,Hispanic/Latino,Fully Vaccinated,Any,71.1,"29,669",,4,2,NULL
05/13/2023,Hispanic/Latino,Fully Vaccinated,Any,71.2,"28,508",,4,2,NULL
05/20/2023,Hispanic/Latino,Fully Vaccinated,Any,71.1,"27,364",,4,2,NULL
05/27/2023,Hispanic/Latino,Fully Vaccinated,Any,71.2,"26,212",,4,2,NULL
06/03/2023,Hispanic/Latino,Fully Vaccinated,Any,71.1,"25,186",,4,2,NULL
01/09/2021,"Other, NH",Fully Vaccinated,Any,0.3,"4,862",,5,2,NULL
01/16/2021,"Other, NH",Fully Vaccinated,Any,0.9,"4,870",,5,2,NULL
01/23/2021,"Other, NH",Fully Vaccinated,Any,1.3,"4,838",,5,2,NULL
01/30/2021,"Other, NH",Fully Vaccinated,Any,2.1,"4,854",,5,2,NULL
02/06/2021,"Other, NH",Fully Vaccinated,Any,2.8,"4,885",,5,2,NULL
02/13/2021,"Other, NH",Fully Vaccinated,Any,3.9,"4,892",,5,2,NULL
02/20/2021,"Other, NH",Fully Vaccinated,Any,4.7,"4,889",,5,2,NULL
02/27/2021,"Other, NH",Fully Vaccinated,Any,5.5,"4,862",,5,2,NULL
03/06/2021,"Other, NH",Fully Vaccinated,Any,6.7,"4,845",,5,2,NULL
03/13/2021,"Other, NH",Fully Vaccinated,Any,8.2,"4,865",,5,2,NULL
03/20/2021,"Other, NH",Fully Vaccinated,Any,9.7,"4,878",,5,2,NULL
03/27/2021,"Other, NH",Fully Vaccinated,Any,11.9,"4,855",,5,2,NULL
04/03/2021,"Other, NH",Fully Vaccinated,Any,13.9,"4,840",,5,2,NULL
04/10/2021,"Other, NH",Fully Vaccinated,Any,16.6,"4,862",,5,2,NULL
04/17/2021,"Other, NH",Fully Vaccinated,Any,19.4,"4,848",,5,2,NULL
04/24/2021,"Other, NH",Fully Vaccinated,Any,23,"4,813",,5,2,NULL
05/01/2021,"Other, NH",Fully Vaccinated,Any,25.7,"4,796",,5,2,NULL
05/08/2021,"Other, NH",Fully Vaccinated,Any,28.9,"4,798",,5,2,NULL
05/15/2021,"Other, NH",Fully Vaccinated,Any,31.7,"4,815",,5,2,NULL
05/22/2021,"Other, NH",Fully Vaccinated,Any,34.1,"4,828",,5,2,NULL
05/29/2021,"Other, NH",Fully Vaccinated,Any,36.1,"4,814",,5,2,NULL
06/05/2021,"Other, NH",Fully Vaccinated,Any,38,"4,818",,5,2,NULL
06/12/2021,"Other, NH",Fully Vaccinated,Any,40.2,"4,825",,5,2,NULL
06/19/2021,"Other, NH",Fully Vaccinated,Any,41.8,"4,816",,5,2,NULL
06/26/2021,"Other, NH",Fully Vaccinated,Any,42.9,"4,831",,5,2,NULL
07/03/2021,"Other, NH",Fully Vaccinated,Any,44,"4,834",,5,2,NULL
07/10/2021,"Other, NH",Fully Vaccinated,Any,45.1,"4,831",,5,2,NULL
07/17/2021,"Other, NH",Fully Vaccinated,Any,46.1,"4,851",,5,2,NULL
07/24/2021,"Other, NH",Fully Vaccinated,Any,47.2,"4,837",,5,2,NULL
07/31/2021,"Other, NH",Fully Vaccinated,Any,48.4,"4,820",,5,2,NULL
08/07/2021,"Other, NH",Fully Vaccinated,Any,49.4,"4,814",,5,2,NULL
08/14/2021,"Other, NH",Fully Vaccinated,Any,50.1,"4,788",,5,2,NULL
08/21/2021,"Other, NH",Fully Vaccinated,Any,51.6,"4,783",,5,2,NULL
08/28/2021,"Other, NH",Fully Vaccinated,Any,52.8,"4,770",,5,2,NULL
09/04/2021,"Other, NH",Fully Vaccinated,Any,54.1,"4,759",,5,2,NULL
09/11/2021,"Other, NH",Fully Vaccinated,Any,55.9,"4,762",,5,2,NULL
09/18/2021,"Other, NH",Fully Vaccinated,Any,58.2,"4,751",,5,2,NULL
09/25/2021,"Other, NH",Fully Vaccinated,Any,59.8,"4,748",,5,2,NULL
10/02/2021,"Other, NH",Fully Vaccinated,Any,61.1,"4,731",,5,2,NULL
10/09/2021,"Other, NH",Fully Vaccinated,Any,62,"4,731",,5,2,NULL
10/16/2021,"Other, NH",Fully Vaccinated,Any,63,"4,713",,5,2,NULL
10/23/2021,"Other, NH",Fully Vaccinated,Any,63.7,"4,742",,5,2,NULL
10/30/2021,"Other, NH",Fully Vaccinated,Any,64.1,"4,736",,5,2,NULL
11/06/2021,"Other, NH",Fully Vaccinated,Any,64.9,"4,750",,5,2,NULL
11/13/2021,"Other, NH",Fully Vaccinated,Any,65.6,"4,790",,5,2,NULL
11/20/2021,"Other, NH",Fully Vaccinated,Any,66.1,"4,806",,5,2,NULL
11/27/2021,"Other, NH",Fully Vaccinated,Any,66.3,"4,824",,5,2,NULL
12/04/2021,"Other, NH",Fully Vaccinated,Any,67,"4,837",,5,2,NULL
12/11/2021,"Other, NH",Fully Vaccinated,Any,67.2,"4,844",,5,2,NULL
12/18/2021,"Other, NH",Fully Vaccinated,Any,67.3,"4,879",,5,2,NULL
12/25/2021,"Other, NH",Fully Vaccinated,Any,67.7,"4,900",,5,2,NULL
01/01/2022,"Other, NH",Fully Vaccinated,Any,67.7,"4,885",,5,2,NULL
01/08/2022,"Other, NH",Fully Vaccinated,Any,68.1,"4,889",,5,2,NULL
01/15/2022,"Other, NH",Fully Vaccinated,Any,68.7,"4,900",,5,2,NULL
01/22/2022,"Other, NH",Fully Vaccinated,Any,69,"4,894",,5,2,NULL
10/02/2021,"Asian, NH",Fully Vaccinated,Any,83,"15,871",,2,2,NULL
10/09/2021,"Asian, NH",Fully Vaccinated,Any,83.8,"15,898",,2,2,NULL
10/16/2021,"Asian, NH",Fully Vaccinated,Any,84.5,"15,905",,2,2,NULL
10/23/2021,"Asian, NH",Fully Vaccinated,Any,85.3,"15,903",,2,2,NULL
10/30/2021,"Asian, NH",Fully Vaccinated,Any,85.8,"15,878",,2,2,NULL
11/06/2021,"Asian, NH",Fully Vaccinated,Any,86.6,"15,895",,2,2,NULL
11/13/2021,"Asian, NH",Fully Vaccinated,Any,87,"15,879",,2,2,NULL
11/20/2021,"Asian, NH",Fully Vaccinated,Any,87.4,"15,848",,2,2,NULL
11/27/2021,"Asian, NH",Fully Vaccinated,Any,87.8,"15,889",,2,2,NULL
12/04/2021,"Asian, NH",Fully Vaccinated,Any,88.2,"15,904",,2,2,NULL
12/11/2021,"Asian, NH",Fully Vaccinated,Any,88.5,"15,834",,2,2,NULL
12/18/2021,"Asian, NH",Fully Vaccinated,Any,88.8,"15,836",,2,2,NULL
12/25/2021,"Asian, NH",Fully Vaccinated,Any,89,"15,819",,2,2,NULL
01/01/2022,"Asian, NH",Fully Vaccinated,Any,89.2,"15,867",,2,2,NULL
01/08/2022,"Asian, NH",Fully Vaccinated,Any,89.4,"15,893",,2,2,NULL
01/15/2022,"Asian, NH",Fully Vaccinated,Any,89.5,"15,970",,2,2,NULL
01/22/2022,"Asian, NH",Fully Vaccinated,Any,89.6,"15,989",,2,2,NULL
01/29/2022,"Asian, NH",Fully Vaccinated,Any,89.9,"16,046",,2,2,NULL
02/05/2022,"Asian, NH",Fully Vaccinated,Any,90.1,"16,099",,2,2,NULL
02/12/2022,"Asian, NH",Fully Vaccinated,Any,90.1,"16,089",,2,2,NULL
02/19/2022,"Asian, NH",Fully Vaccinated,Any,90.2,"16,046",,2,2,NULL
02/26/2022,"Asian, NH",Fully Vaccinated,Any,90.2,"16,015",,2,2,NULL
03/05/2022,"Asian, NH",Fully Vaccinated,Any,90.2,"16,024",,2,2,NULL
03/12/2022,"Asian, NH",Fully Vaccinated,Any,90.3,"16,018",,2,2,NULL
03/19/2022,"Asian, NH",Fully Vaccinated,Any,90.3,"16,070",,2,2,NULL
03/26/2022,"Asian, NH",Fully Vaccinated,Any,90.3,"16,025",,2,2,NULL
04/02/2022,"Asian, NH",Fully Vaccinated,Any,90.3,"15,965",,2,2,NULL
04/09/2022,"Asian, NH",Fully Vaccinated,Any,90.3,"15,914",,2,2,NULL
04/16/2022,"Asian, NH",Fully Vaccinated,Any,90.2,"15,934",,2,2,NULL
04/23/2022,"Asian, NH",Fully Vaccinated,Any,90.2,"15,908",,2,2,NULL
04/30/2022,"Asian, NH",Fully Vaccinated,Any,90.2,"15,861",,2,2,NULL
05/07/2022,"Asian, NH",Fully Vaccinated,Any,90.2,"15,861",,2,2,NULL
05/14/2022,"Asian, NH",Fully Vaccinated,Any,90.2,"15,852",,2,2,NULL
05/21/2022,"Asian, NH",Fully Vaccinated,Any,90.2,"15,817",,2,2,NULL
05/28/2022,"Asian, NH",Fully Vaccinated,Any,90.2,"15,817",,2,2,NULL
06/04/2022,"Asian, NH",Fully Vaccinated,Any,90.2,"15,759",,2,2,NULL
06/11/2022,"Asian, NH",Fully Vaccinated,Any,90.1,"15,715",,2,2,NULL
06/18/2022,"Asian, NH",Fully Vaccinated,Any,90,"15,696",,2,2,NULL
06/25/2022,"Asian, NH",Fully Vaccinated,Any,90.1,"15,705",,2,2,NULL
07/02/2022,"Asian, NH",Fully Vaccinated,Any,90.1,"15,720",,2,2,NULL
07/09/2022,"Asian, NH",Fully Vaccinated,Any,90.1,"15,730",,2,2,NULL
07/16/2022,"Asian, NH",Fully Vaccinated,Any,90,"15,720",,2,2,NULL
07/23/2022,"Asian, NH",Fully Vaccinated,Any,90,"15,708",,2,2,NULL
07/30/2022,"Asian, NH",Fully Vaccinated,Any,89.9,"15,756",,2,2,NULL
08/06/2022,"Asian, NH",Fully Vaccinated,Any,89.9,"15,762",,2,2,NULL
08/13/2022,"Asian, NH",Fully Vaccinated,Any,89.8,"15,717",,2,2,NULL
08/20/2022,"Asian, NH",Fully Vaccinated,Any,89.7,"15,698",,2,2,NULL
08/27/2022,"Asian, NH",Fully Vaccinated,Any,89.7,"15,710",,2,2,NULL
09/03/2022,"Asian, NH",Fully Vaccinated,Any,89.7,"15,675",,2,2,NULL
09/10/2022,"Asian, NH",Fully Vaccinated,Any,89.5,"15,612",,2,2,NULL
09/17/2022,"Asian, NH",Fully Vaccinated,Any,89.5,"15,550",,2,2,NULL
09/24/2022,"Asian, NH",Fully Vaccinated,Any,89.4,"15,500",,2,2,NULL
10/01/2022,"Asian, NH",Fully Vaccinated,Any,89.4,"15,506",,2,2,NULL
10/08/2022,"Asian, NH",Fully Vaccinated,Any,89.5,"15,436",,2,2,NULL
10/15/2022,"Asian, NH",Fully Vaccinated,Any,89.4,"15,417",,2,2,NULL
10/22/2022,"Asian, NH",Fully Vaccinated,Any,89.3,"15,368",,2,2,NULL
10/29/2022,"Asian, NH",Fully Vaccinated,Any,89.2,"15,336",,2,2,NULL
11/05/2022,"Asian, NH",Fully Vaccinated,Any,89.1,"15,336",,2,2,NULL
11/12/2022,"Asian, NH",Fully Vaccinated,Any,89.1,"15,301",,2,2,NULL
11/19/2022,"Asian, NH",Fully Vaccinated,Any,89.2,"15,217",,2,2,NULL
11/26/2022,"Asian, NH",Fully Vaccinated,Any,89.1,"15,161",,2,2,NULL
12/03/2022,"Asian, NH",Fully Vaccinated,Any,89.2,"15,160",,2,2,NULL
12/10/2022,"Asian, NH",Fully Vaccinated,Any,89.1,"15,106",,2,2,NULL
12/17/2022,"Asian, NH",Fully Vaccinated,Any,89.1,"15,087",,2,2,NULL
01/29/2022,"Other, NH",Fully Vaccinated,Any,69.3,"4,921",,5,2,NULL
02/05/2022,"Other, NH",Fully Vaccinated,Any,69.6,"4,964",,5,2,NULL
02/12/2022,"Other, NH",Fully Vaccinated,Any,70.2,"4,968",,5,2,NULL
02/19/2022,"Other, NH",Fully Vaccinated,Any,70.3,"4,957",,5,2,NULL
02/26/2022,"Other, NH",Fully Vaccinated,Any,70.4,"4,945",,5,2,NULL
03/05/2022,"Other, NH",Fully Vaccinated,Any,70.3,"4,942",,5,2,NULL
03/12/2022,"Other, NH",Fully Vaccinated,Any,70.4,"4,944",,5,2,NULL
03/19/2022,"Other, NH",Fully Vaccinated,Any,70.7,"4,955",,5,2,NULL
03/26/2022,"Other, NH",Fully Vaccinated,Any,70.4,"4,971",,5,2,NULL
04/02/2022,"Other, NH",Fully Vaccinated,Any,70.7,"4,973",,5,2,NULL
04/09/2022,"Other, NH",Fully Vaccinated,Any,70.6,"4,968",,5,2,NULL
04/16/2022,"Other, NH",Fully Vaccinated,Any,70.9,"4,928",,5,2,NULL
04/23/2022,"Other, NH",Fully Vaccinated,Any,70.8,"4,919",,5,2,NULL
04/30/2022,"Other, NH",Fully Vaccinated,Any,70.8,"4,916",,5,2,NULL
05/07/2022,"Other, NH",Fully Vaccinated,Any,70.6,"4,916",,5,2,NULL
05/14/2022,"Other, NH",Fully Vaccinated,Any,70.8,"4,926",,5,2,NULL
05/21/2022,"Other, NH",Fully Vaccinated,Any,71.1,"4,946",,5,2,NULL
05/28/2022,"Other, NH",Fully Vaccinated,Any,71.2,"4,950",,5,2,NULL
06/04/2022,"Other, NH",Fully Vaccinated,Any,71.4,"4,950",,5,2,NULL
06/11/2022,"Other, NH",Fully Vaccinated,Any,71.8,"4,947",,5,2,NULL
06/18/2022,"Other, NH",Fully Vaccinated,Any,71.6,"4,961",,5,2,NULL
06/25/2022,"Other, NH",Fully Vaccinated,Any,71.7,"4,967",,5,2,NULL
07/02/2022,"Other, NH",Fully Vaccinated,Any,71.5,"4,999",,5,2,NULL
07/09/2022,"Other, NH",Fully Vaccinated,Any,71.7,"4,996",,5,2,NULL
07/16/2022,"Other, NH",Fully Vaccinated,Any,71.6,"5,009",,5,2,NULL
07/23/2022,"Other, NH",Fully Vaccinated,Any,71.7,"5,020",,5,2,NULL
07/30/2022,"Other, NH",Fully Vaccinated,Any,72,"5,035",,5,2,NULL
08/06/2022,"Other, NH",Fully Vaccinated,Any,72.1,"5,012",,5,2,NULL
08/13/2022,"Other, NH",Fully Vaccinated,Any,71.8,"5,014",,5,2,NULL
08/20/2022,"Other, NH",Fully Vaccinated,Any,71.8,"5,025",,5,2,NULL
08/27/2022,"Other, NH",Fully Vaccinated,Any,71.7,"5,018",,5,2,NULL
09/03/2022,"Other, NH",Fully Vaccinated,Any,71.6,"5,000",,5,2,NULL
09/10/2022,"Other, NH",Fully Vaccinated,Any,71.6,"4,964",,5,2,NULL
09/17/2022,"Other, NH",Fully Vaccinated,Any,71.6,"4,978",,5,2,NULL
09/24/2022,"Other, NH",Fully Vaccinated,Any,71.9,"4,991",,5,2,NULL
10/01/2022,"Other, NH",Fully Vaccinated,Any,71.9,"5,021",,5,2,NULL
10/08/2022,"Other, NH",Fully Vaccinated,Any,71.9,"5,019",,5,2,NULL
10/15/2022,"Other, NH",Fully Vaccinated,Any,71.7,"5,057",,5,2,NULL
10/22/2022,"Other, NH",Fully Vaccinated,Any,71.6,"5,107",,5,2,NULL
10/29/2022,"Other, NH",Fully Vaccinated,Any,71.6,"5,145",,5,2,NULL
11/05/2022,"Other, NH",Fully Vaccinated,Any,71.8,"5,210",,5,2,NULL
11/12/2022,"Other, NH",Fully Vaccinated,Any,72,"5,210",,5,2,NULL
11/19/2022,"Other, NH",Fully Vaccinated,Any,71.7,"5,249",,5,2,NULL
11/26/2022,"Other, NH",Fully Vaccinated,Any,71.3,"5,194",,5,2,NULL
12/03/2022,"Other, NH",Fully Vaccinated,Any,71.4,"5,189",,5,2,NULL
12/10/2022,"Other, NH",Fully Vaccinated,Any,71.1,"5,163",,5,2,NULL
12/17/2022,"Other, NH",Fully Vaccinated,Any,71.4,"5,167",,5,2,NULL
12/24/2022,"Other, NH",Fully Vaccinated,Any,71.4,"5,166",,5,2,NULL
12/31/2022,"Other, NH",Fully Vaccinated,Any,71.4,"5,124",,5,2,NULL
01/07/2023,"Other, NH",Fully Vaccinated,Any,71.1,"5,133",,5,2,NULL
01/14/2023,"Other, NH",Fully Vaccinated,Any,71.1,"5,141",,5,2,NULL
01/21/2023,"Other, NH",Fully Vaccinated,Any,71.1,"5,174",,5,2,NULL
01/28/2023,"Other, NH",Fully Vaccinated,Any,70.9,"5,162",,5,2,NULL
02/04/2023,"Other, NH",Fully Vaccinated,Any,71,"5,147",,5,2,NULL
02/11/2023,"Other, NH",Fully Vaccinated,Any,70.9,"5,122",,5,2,NULL
02/18/2023,"Other, NH",Fully Vaccinated,Any,70.9,"5,088",,5,2,NULL
02/25/2023,"Other, NH",Fully Vaccinated,Any,71.2,"5,097",,5,2,NULL
03/04/2023,"Other, NH",Fully Vaccinated,Any,71.3,"5,101",,5,2,NULL
03/11/2023,"Other, NH",Fully Vaccinated,Any,71.2,"5,065",,5,2,NULL
03/18/2023,"Other, NH",Fully Vaccinated,Any,70.9,"5,022",,5,2,NULL
03/25/2023,"Other, NH",Fully Vaccinated,Any,71,"4,935",,5,2,NULL
04/01/2023,"Other, NH",Fully Vaccinated,Any,71.5,"4,870",,5,2,NULL
04/08/2023,"Other, NH",Fully Vaccinated,Any,71.6,"4,790",,5,2,NULL
04/15/2023,"Other, NH",Fully Vaccinated,Any,71.6,"4,705",,5,2,NULL
04/22/2023,"Other, NH",Fully Vaccinated,Any,71.6,"4,580",,5,2,NULL
04/29/2023,"Other, NH",Fully Vaccinated,Any,71.6,"4,426",,5,2,NULL
05/06/2023,"Other, NH",Fully Vaccinated,Any,71.6,"4,256",,5,2,NULL
05/13/2023,"Other, NH",Fully Vaccinated,Any,71.7,"4,104",,5,2,NULL
05/20/2023,"Other, NH",Fully Vaccinated,Any,71.5,"3,931",,5,2,NULL
05/27/2023,"Other, NH",Fully Vaccinated,Any,71.7,"3,785",,5,2,NULL
06/03/2023,"Other, NH",Fully Vaccinated,Any,71.6,"3,627",,5,2,NULL
01/09/2021,"White, NH",Fully Vaccinated,Any,0.3,"36,132",,6,2,NULL
01/16/2021,"White, NH",Fully Vaccinated,Any,0.9,"36,284",,6,2,NULL
01/23/2021,"White, NH",Fully Vaccinated,Any,1.6,"36,269",,6,2,NULL
01/30/2021,"White, NH",Fully Vaccinated,Any,2.4,"36,343",,6,2,NULL
02/06/2021,"White, NH",Fully Vaccinated,Any,3.4,"36,388",,6,2,NULL
02/13/2021,"White, NH",Fully Vaccinated,Any,4.6,"36,311",,6,2,NULL
02/20/2021,"White, NH",Fully Vaccinated,Any,5.8,"36,277",,6,2,NULL
02/27/2021,"White, NH",Fully Vaccinated,Any,7,"36,327",,6,2,NULL
03/06/2021,"White, NH",Fully Vaccinated,Any,8.2,"36,320",,6,2,NULL
03/13/2021,"White, NH",Fully Vaccinated,Any,9.8,"36,264",,6,2,NULL
03/20/2021,"White, NH",Fully Vaccinated,Any,11.7,"36,131",,6,2,NULL
03/27/2021,"White, NH",Fully Vaccinated,Any,14.3,"36,022",,6,2,NULL
04/03/2021,"White, NH",Fully Vaccinated,Any,16.9,"35,916",,6,2,NULL
04/10/2021,"White, NH",Fully Vaccinated,Any,20.2,"35,809",,6,2,NULL
04/17/2021,"White, NH",Fully Vaccinated,Any,24,"35,760",,6,2,NULL
04/24/2021,"White, NH",Fully Vaccinated,Any,28,"35,609",,6,2,NULL
05/01/2021,"White, NH",Fully Vaccinated,Any,31.1,"35,536",,6,2,NULL
05/08/2021,"White, NH",Fully Vaccinated,Any,34.1,"35,446",,6,2,NULL
05/15/2021,"White, NH",Fully Vaccinated,Any,36.5,"35,321",,6,2,NULL
05/22/2021,"White, NH",Fully Vaccinated,Any,38.5,"35,286",,6,2,NULL
05/29/2021,"White, NH",Fully Vaccinated,Any,40.4,"35,209",,6,2,NULL
06/05/2021,"White, NH",Fully Vaccinated,Any,41.8,"35,078",,6,2,NULL
06/12/2021,"White, NH",Fully Vaccinated,Any,43.1,"34,970",,6,2,NULL
06/19/2021,"White, NH",Fully Vaccinated,Any,44.4,"34,856",,6,2,NULL
06/26/2021,"White, NH",Fully Vaccinated,Any,45.4,"34,837",,6,2,NULL
07/03/2021,"White, NH",Fully Vaccinated,Any,46.4,"34,759",,6,2,NULL
07/10/2021,"White, NH",Fully Vaccinated,Any,47.5,"34,652",,6,2,NULL
07/17/2021,"White, NH",Fully Vaccinated,Any,48.3,"34,569",,6,2,NULL
07/24/2021,"White, NH",Fully Vaccinated,Any,49.1,"34,504",,6,2,NULL
07/31/2021,"White, NH",Fully Vaccinated,Any,49.9,"34,387",,6,2,NULL
08/07/2021,"White, NH",Fully Vaccinated,Any,50.8,"34,274",,6,2,NULL
08/14/2021,"White, NH",Fully Vaccinated,Any,51.8,"34,191",,6,2,NULL
08/21/2021,"White, NH",Fully Vaccinated,Any,52.9,"34,125",,6,2,NULL
08/28/2021,"White, NH",Fully Vaccinated,Any,54.1,"34,021",,6,2,NULL
09/04/2021,"White, NH",Fully Vaccinated,Any,55.3,"33,936",,6,2,NULL
09/11/2021,"White, NH",Fully Vaccinated,Any,56.5,"33,774",,6,2,NULL
09/18/2021,"White, NH",Fully Vaccinated,Any,57.9,"33,771",,6,2,NULL
09/25/2021,"White, NH",Fully Vaccinated,Any,59.3,"33,581",,6,2,NULL
10/02/2021,"White, NH",Fully Vaccinated,Any,60.4,"33,481",,6,2,NULL
10/09/2021,"White, NH",Fully Vaccinated,Any,61.4,"33,375",,6,2,NULL
10/16/2021,"White, NH",Fully Vaccinated,Any,62.1,"33,292",,6,2,NULL
10/23/2021,"White, NH",Fully Vaccinated,Any,62.7,"33,160",,6,2,NULL
10/30/2021,"White, NH",Fully Vaccinated,Any,63.2,"33,099",,6,2,NULL
11/06/2021,"White, NH",Fully Vaccinated,Any,63.9,"33,041",,6,2,NULL
11/13/2021,"White, NH",Fully Vaccinated,Any,64.3,"33,045",,6,2,NULL
11/20/2021,"White, NH",Fully Vaccinated,Any,64.7,"32,969",,6,2,NULL
11/27/2021,"White, NH",Fully Vaccinated,Any,64.9,"32,971",,6,2,NULL
12/04/2021,"White, NH",Fully Vaccinated,Any,65.2,"33,028",,6,2,NULL
12/11/2021,"White, NH",Fully Vaccinated,Any,65.5,"32,974",,6,2,NULL
12/18/2021,"White, NH",Fully Vaccinated,Any,65.7,"32,991",,6,2,NULL
12/25/2021,"White, NH",Fully Vaccinated,Any,65.9,"32,960",,6,2,NULL
01/01/2022,"White, NH",Fully Vaccinated,Any,66.3,"33,022",,6,2,NULL
01/08/2022,"White, NH",Fully Vaccinated,Any,66.6,"32,927",,6,2,NULL
01/15/2022,"White, NH",Fully Vaccinated,Any,66.7,"32,848",,6,2,NULL
01/22/2022,"White, NH",Fully Vaccinated,Any,66.9,"32,814",,6,2,NULL
01/29/2022,"White, NH",Fully Vaccinated,Any,67.2,"32,800",,6,2,NULL
02/05/2022,"White, NH",Fully Vaccinated,Any,67.4,"32,807",,6,2,NULL
02/12/2022,"White, NH",Fully Vaccinated,Any,67.5,"32,788",,6,2,NULL
02/19/2022,"White, NH",Fully Vaccinated,Any,67.6,"32,647",,6,2,NULL
02/26/2022,"White, NH",Fully Vaccinated,Any,67.7,"32,663",,6,2,NULL
03/05/2022,"White, NH",Fully Vaccinated,Any,67.7,"32,581",,6,2,NULL
03/12/2022,"White, NH",Fully Vaccinated,Any,67.8,"32,435",,6,2,NULL
03/19/2022,"White, NH",Fully Vaccinated,Any,67.9,"32,375",,6,2,NULL
03/26/2022,"White, NH",Fully Vaccinated,Any,67.9,"32,303",,6,2,NULL
04/02/2022,"White, NH",Fully Vaccinated,Any,67.8,"32,269",,6,2,NULL
04/09/2022,"White, NH",Fully Vaccinated,Any,67.8,"32,225",,6,2,NULL
04/16/2022,"White, NH",Fully Vaccinated,Any,67.9,"32,228",,6,2,NULL
04/23/2022,"White, NH",Fully Vaccinated,Any,67.8,"32,155",,6,2,NULL
04/30/2022,"White, NH",Fully Vaccinated,Any,67.9,"32,170",,6,2,NULL
05/07/2022,"White, NH",Fully Vaccinated,Any,67.9,"32,059",,6,2,NULL
05/14/2022,"White, NH",Fully Vaccinated,Any,67.8,"31,977",,6,2,NULL
05/21/2022,"White, NH",Fully Vaccinated,Any,67.8,"31,955",,6,2,NULL
05/28/2022,"White, NH",Fully Vaccinated,Any,67.8,"31,857",,6,2,NULL
06/04/2022,"White, NH",Fully Vaccinated,Any,67.7,"31,712",,6,2,NULL
06/11/2022,"White, NH",Fully Vaccinated,Any,67.8,"31,629",,6,2,NULL
06/18/2022,"White, NH",Fully Vaccinated,Any,67.8,"31,633",,6,2,NULL
06/25/2022,"White, NH",Fully Vaccinated,Any,67.8,"31,640",,6,2,NULL
07/02/2022,"White, NH",Fully Vaccinated,Any,67.7,"31,661",,6,2,NULL
07/09/2022,"White, NH",Fully Vaccinated,Any,67.8,"31,667",,6,2,NULL
07/16/2022,"White, NH",Fully Vaccinated,Any,67.8,"31,764",,6,2,NULL
07/23/2022,"White, NH",Fully Vaccinated,Any,67.8,"31,685",,6,2,NULL
07/30/2022,"White, NH",Fully Vaccinated,Any,67.8,"31,662",,6,2,NULL
08/06/2022,"White, NH",Fully Vaccinated,Any,67.8,"31,757",,6,2,NULL
08/13/2022,"White, NH",Fully Vaccinated,Any,67.8,"31,756",,6,2,NULL
08/20/2022,"White, NH",Fully Vaccinated,Any,67.7,"31,830",,6,2,NULL
08/27/2022,"White, NH",Fully Vaccinated,Any,67.7,"31,841",,6,2,NULL
09/03/2022,"White, NH",Fully Vaccinated,Any,67.7,"31,817",,6,2,NULL
09/10/2022,"White, NH",Fully Vaccinated,Any,67.7,"31,778",,6,2,NULL
09/17/2022,"White, NH",Fully Vaccinated,Any,67.6,"31,840",,6,2,NULL
09/24/2022,"White, NH",Fully Vaccinated,Any,67.7,"31,922",,6,2,NULL
10/01/2022,"White, NH",Fully Vaccinated,Any,67.7,"31,930",,6,2,NULL
10/08/2022,"White, NH",Fully Vaccinated,Any,67.7,"31,977",,6,2,NULL
10/15/2022,"White, NH",Fully Vaccinated,Any,67.7,"32,172",,6,2,NULL
10/22/2022,"White, NH",Fully Vaccinated,Any,67.8,"32,433",,6,2,NULL
10/29/2022,"White, NH",Fully Vaccinated,Any,67.8,"32,730",,6,2,NULL
11/05/2022,"White, NH",Fully Vaccinated,Any,68,"32,843",,6,2,NULL
11/12/2022,"White, NH",Fully Vaccinated,Any,68,"32,844",,6,2,NULL
11/19/2022,"White, NH",Fully Vaccinated,Any,68.1,"32,917",,6,2,NULL
11/26/2022,"White, NH",Fully Vaccinated,Any,68.1,"32,758",,6,2,NULL
12/03/2022,"White, NH",Fully Vaccinated,Any,68,"32,747",,6,2,NULL
12/10/2022,"White, NH",Fully Vaccinated,Any,68.1,"32,540",,6,2,NULL
12/17/2022,"White, NH",Fully Vaccinated,Any,68,"32,477",,6,2,NULL
12/24/2022,"White, NH",Fully Vaccinated,Any,68,"32,339",,6,2,NULL
12/31/2022,"White, NH",Fully Vaccinated,Any,68.1,"32,248",,6,2,NULL
01/07/2023,"White, NH",Fully Vaccinated,Any,68,"32,259",,6,2,NULL
01/14/2023,"White, NH",Fully Vaccinated,Any,68,"32,223",,6,2,NULL
01/21/2023,"White, NH",Fully Vaccinated,Any,68,"32,134",,6,2,NULL
01/28/2023,"White, NH",Fully Vaccinated,Any,67.9,"32,040",,6,2,NULL
02/04/2023,"White, NH",Fully Vaccinated,Any,68,"31,929",,6,2,NULL
02/11/2023,"White, NH",Fully Vaccinated,Any,68,"31,855",,6,2,NULL
02/18/2023,"White, NH",Fully Vaccinated,Any,68,"31,728",,6,2,NULL
02/25/2023,"White, NH",Fully Vaccinated,Any,68,"31,496",,6,2,NULL
03/04/2023,"White, NH",Fully Vaccinated,Any,68,"31,259",,6,2,NULL
03/11/2023,"White, NH",Fully Vaccinated,Any,68,"30,985",,6,2,NULL
03/18/2023,"White, NH",Fully Vaccinated,Any,68,"30,691",,6,2,NULL
03/25/2023,"White, NH",Fully Vaccinated,Any,68.1,"30,290",,6,2,NULL
04/01/2023,"White, NH",Fully Vaccinated,Any,68.1,"29,817",,6,2,NULL
04/08/2023,"White, NH",Fully Vaccinated,Any,68,"29,305",,6,2,NULL
04/15/2023,"White, NH",Fully Vaccinated,Any,68,"28,612",,6,2,NULL
04/22/2023,"White, NH",Fully Vaccinated,Any,68,"27,772",,6,2,NULL
04/29/2023,"White, NH",Fully Vaccinated,Any,68.1,"26,849",,6,2,NULL
05/06/2023,"White, NH",Fully Vaccinated,Any,68,"25,922",,6,2,NULL
05/13/2023,"White, NH",Fully Vaccinated,Any,67.9,"24,880",,6,2,NULL
05/20/2023,"White, NH",Fully Vaccinated,Any,67.8,"23,943",,6,2,NULL
05/27/2023,"White, NH",Fully Vaccinated,Any,67.7,"22,974",,6,2,NULL
06/03/2023,"White, NH",Fully Vaccinated,Any,67.7,"22,085",,6,2,NULL
02/19/2022,All Races/Ethnicity,Fully Vaccinated,Before and During Pregnancy,2.1,"102,158",,1,1,2
02/26/2022,All Races/Ethnicity,Fully Vaccinated,Before and During Pregnancy,1.9,"102,250",,1,1,2
03/05/2022,All Races/Ethnicity,Fully Vaccinated,Before and During Pregnancy,1.8,"102,305",,1,1,2
03/12/2022,All Races/Ethnicity,Fully Vaccinated,Before and During Pregnancy,1.7,"102,234",,1,1,2
03/19/2022,All Races/Ethnicity,Fully Vaccinated,Before and During Pregnancy,1.7,"102,132",,1,1,2
03/26/2022,All Races/Ethnicity,Fully Vaccinated,Before and During Pregnancy,1.6,"102,044",,1,1,2
04/02/2022,All Races/Ethnicity,Fully Vaccinated,Before and During Pregnancy,1.6,"101,916",,1,1,2
04/09/2022,All Races/Ethnicity,Fully Vaccinated,Before and During Pregnancy,1.5,"101,836",,1,1,2
04/16/2022,All Races/Ethnicity,Fully Vaccinated,Before and During Pregnancy,1.5,"101,844",,1,1,2
04/23/2022,All Races/Ethnicity,Fully Vaccinated,Before and During Pregnancy,1.4,"101,838",,1,1,2
04/30/2022,All Races/Ethnicity,Fully Vaccinated,Before and During Pregnancy,1.4,"101,818",,1,1,2
05/07/2022,All Races/Ethnicity,Fully Vaccinated,Before and During Pregnancy,1.3,"101,806",,1,1,2
05/14/2022,All Races/Ethnicity,Fully Vaccinated,Before and During Pregnancy,1.3,"101,657",,1,1,2
05/21/2022,All Races/Ethnicity,Fully Vaccinated,Before and During Pregnancy,1.2,"101,596",,1,1,2
05/28/2022,All Races/Ethnicity,Fully Vaccinated,Before and During Pregnancy,1.2,"101,453",,1,1,2
06/04/2022,All Races/Ethnicity,Fully Vaccinated,Before and During Pregnancy,1.1,"101,248",,1,1,2
06/11/2022,All Races/Ethnicity,Fully Vaccinated,Before and During Pregnancy,1,"101,227",,1,1,2
06/18/2022,All Races/Ethnicity,Fully Vaccinated,Before and During Pregnancy,0.9,"101,178",,1,1,2
06/25/2022,All Races/Ethnicity,Fully Vaccinated,Before and During Pregnancy,0.9,"101,270",,1,1,2
07/02/2022,All Races/Ethnicity,Fully Vaccinated,Before and During Pregnancy,0.8,"101,364",,1,1,2
07/09/2022,All Races/Ethnicity,Fully Vaccinated,Before and During Pregnancy,0.7,"101,381",,1,1,2
07/16/2022,All Races/Ethnicity,Fully Vaccinated,Before and During Pregnancy,0.7,"101,607",,1,1,2
07/23/2022,All Races/Ethnicity,Fully Vaccinated,Before and During Pregnancy,0.6,"101,548",,1,1,2
07/30/2022,All Races/Ethnicity,Fully Vaccinated,Before and During Pregnancy,0.6,"101,475",,1,1,2
08/06/2022,All Races/Ethnicity,Fully Vaccinated,Before and During Pregnancy,0.6,"101,515",,1,1,2
08/13/2022,All Races/Ethnicity,Fully Vaccinated,Before and During Pregnancy,0.5,"101,408",,1,1,2
08/20/2022,All Races/Ethnicity,Fully Vaccinated,Before and During Pregnancy,0.5,"101,419",,1,1,2
08/27/2022,All Races/Ethnicity,Fully Vaccinated,Before and During Pregnancy,0.4,"101,347",,1,1,2
09/03/2022,All Races/Ethnicity,Fully Vaccinated,Before and During Pregnancy,0.4,"101,149",,1,1,2
09/10/2022,All Races/Ethnicity,Fully Vaccinated,Before and During Pregnancy,0.4,"100,842",,1,1,2
09/17/2022,All Races/Ethnicity,Fully Vaccinated,Before and During Pregnancy,0.4,"100,832",,1,1,2
09/24/2022,All Races/Ethnicity,Fully Vaccinated,Before and During Pregnancy,0.3,"100,885",,1,1,2
10/01/2022,All Races/Ethnicity,Fully Vaccinated,Before and During Pregnancy,0.3,"100,903",,1,1,2
10/08/2022,All Races/Ethnicity,Fully Vaccinated,Before and During Pregnancy,0.3,"101,037",,1,1,2
10/15/2022,All Races/Ethnicity,Fully Vaccinated,Before and During Pregnancy,0.3,"101,436",,1,1,2
10/22/2022,All Races/Ethnicity,Fully Vaccinated,Before and During Pregnancy,0.3,"101,932",,1,1,2
10/29/2022,All Races/Ethnicity,Fully Vaccinated,Before and During Pregnancy,0.2,"102,400",,1,1,2
11/05/2022,All Races/Ethnicity,Fully Vaccinated,Before and During Pregnancy,0.2,"102,759",,1,1,2
11/12/2022,All Races/Ethnicity,Fully Vaccinated,Before and During Pregnancy,0.2,"102,937",,1,1,2
11/19/2022,All Races/Ethnicity,Fully Vaccinated,Before and During Pregnancy,0.2,"103,142",,1,1,2
11/26/2022,All Races/Ethnicity,Fully Vaccinated,Before and During Pregnancy,0.2,"102,794",,1,1,2
12/03/2022,All Races/Ethnicity,Fully Vaccinated,Before and During Pregnancy,0.2,"102,932",,1,1,2
12/10/2022,All Races/Ethnicity,Fully Vaccinated,Before and During Pregnancy,0.2,"102,461",,1,1,2
12/17/2022,All Races/Ethnicity,Fully Vaccinated,Before and During Pregnancy,0.2,"102,445",,1,1,2
12/24/2022,All Races/Ethnicity,Fully Vaccinated,Before and During Pregnancy,0.2,"102,294",,1,1,2
12/31/2022,All Races/Ethnicity,Fully Vaccinated,Before and During Pregnancy,0.2,"102,051",,1,1,2
01/07/2023,All Races/Ethnicity,Fully Vaccinated,Before and During Pregnancy,0.1,"102,268",,1,1,2
01/14/2023,All Races/Ethnicity,Fully Vaccinated,Before and During Pregnancy,0.1,"102,234",,1,1,2
01/21/2023,All Races/Ethnicity,Fully Vaccinated,Before and During Pregnancy,0.1,"102,047",,1,1,2
01/28/2023,All Races/Ethnicity,Fully Vaccinated,Before and During Pregnancy,0.1,"101,871",,1,1,2
02/04/2023,All Races/Ethnicity,Fully Vaccinated,Before and During Pregnancy,0.1,"101,644",,1,1,2
02/11/2023,All Races/Ethnicity,Fully Vaccinated,Before and During Pregnancy,0.1,"101,282",,1,1,2
02/18/2023,All Races/Ethnicity,Fully Vaccinated,Before and During Pregnancy,0.1,"100,858",,1,1,2
02/25/2023,All Races/Ethnicity,Fully Vaccinated,Before and During Pregnancy,0.1,"100,257",,1,1,2
03/04/2023,All Races/Ethnicity,Fully Vaccinated,Before and During Pregnancy,0.1,"99,665",,1,1,2
03/11/2023,All Races/Ethnicity,Fully Vaccinated,Before and During Pregnancy,0.1,"98,855",,1,1,2
03/18/2023,All Races/Ethnicity,Fully Vaccinated,Before and During Pregnancy,0.1,"97,960",,1,1,2
03/25/2023,All Races/Ethnicity,Fully Vaccinated,Before and During Pregnancy,0.1,"96,831",,1,1,2
04/01/2023,All Races/Ethnicity,Fully Vaccinated,Before and During Pregnancy,0.1,"95,338",,1,1,2
04/08/2023,All Races/Ethnicity,Fully Vaccinated,Before and During Pregnancy,0.1,"93,718",,1,1,2
04/15/2023,All Races/Ethnicity,Fully Vaccinated,Before and During Pregnancy,0.1,"91,606",,1,1,2
04/22/2023,All Races/Ethnicity,Fully Vaccinated,Before and During Pregnancy,0.1,"89,003",,1,1,2
04/29/2023,All Races/Ethnicity,Fully Vaccinated,Before and During Pregnancy,0.1,"86,174",,1,1,2
05/06/2023,All Races/Ethnicity,Fully Vaccinated,Before and During Pregnancy,0.1,"83,188",,1,1,2
05/13/2023,All Races/Ethnicity,Fully Vaccinated,Before and During Pregnancy,0.1,"79,925",,1,1,2
05/20/2023,All Races/Ethnicity,Fully Vaccinated,Before and During Pregnancy,0.1,"76,756",,1,1,2
05/27/2023,All Races/Ethnicity,Fully Vaccinated,Before and During Pregnancy,0.1,"73,590",,1,1,2
06/03/2023,All Races/Ethnicity,Fully Vaccinated,Before and During Pregnancy,0.1,"70,671",,1,1,2
01/09/2021,All Races/Ethnicity,Fully Vaccinated,Before Pregnancy,0,"103,890",,1,1,1
01/16/2021,All Races/Ethnicity,Fully Vaccinated,Before Pregnancy,0,"104,250",,1,1,1
01/23/2021,All Races/Ethnicity,Fully Vaccinated,Before Pregnancy,0.1,"104,326",,1,1,1
01/30/2021,All Races/Ethnicity,Fully Vaccinated,Before Pregnancy,0.2,"104,623",,1,1,1
02/06/2021,All Races/Ethnicity,Fully Vaccinated,Before Pregnancy,0.4,"104,946",,1,1,1
02/13/2021,All Races/Ethnicity,Fully Vaccinated,Before Pregnancy,0.6,"104,927",,1,1,1
02/20/2021,All Races/Ethnicity,Fully Vaccinated,Before Pregnancy,0.9,"105,005",,1,1,1
02/27/2021,All Races/Ethnicity,Fully Vaccinated,Before Pregnancy,1.2,"105,186",,1,1,1
03/06/2021,All Races/Ethnicity,Fully Vaccinated,Before Pregnancy,1.6,"105,374",,1,1,1
03/13/2021,All Races/Ethnicity,Fully Vaccinated,Before Pregnancy,1.9,"105,426",,1,1,1
03/20/2021,All Races/Ethnicity,Fully Vaccinated,Before Pregnancy,2.4,"105,416",,1,1,1
03/27/2021,All Races/Ethnicity,Fully Vaccinated,Before Pregnancy,2.9,"105,411",,1,1,1
04/03/2021,All Races/Ethnicity,Fully Vaccinated,Before Pregnancy,3.5,"105,268",,1,1,1
04/10/2021,All Races/Ethnicity,Fully Vaccinated,Before Pregnancy,4.2,"105,282",,1,1,1
04/17/2021,All Races/Ethnicity,Fully Vaccinated,Before Pregnancy,5,"105,334",,1,1,1
04/24/2021,All Races/Ethnicity,Fully Vaccinated,Before Pregnancy,5.9,"105,124",,1,1,1
05/01/2021,All Races/Ethnicity,Fully Vaccinated,Before Pregnancy,6.9,"105,018",,1,1,1
05/08/2021,All Races/Ethnicity,Fully Vaccinated,Before Pregnancy,7.9,"104,992",,1,1,1
05/15/2021,All Races/Ethnicity,Fully Vaccinated,Before Pregnancy,9,"104,992",,1,1,1
05/22/2021,All Races/Ethnicity,Fully Vaccinated,Before Pregnancy,10.3,"105,044",,1,1,1
05/29/2021,All Races/Ethnicity,Fully Vaccinated,Before Pregnancy,11.7,"104,914",,1,1,1
06/05/2021,All Races/Ethnicity,Fully Vaccinated,Before Pregnancy,13.1,"104,718",,1,1,1
06/12/2021,All Races/Ethnicity,Fully Vaccinated,Before Pregnancy,14.6,"104,721",,1,1,1
06/19/2021,All Races/Ethnicity,Fully Vaccinated,Before Pregnancy,16,"104,629",,1,1,1
06/26/2021,All Races/Ethnicity,Fully Vaccinated,Before Pregnancy,17.4,"104,633",,1,1,1
07/03/2021,All Races/Ethnicity,Fully Vaccinated,Before Pregnancy,18.9,"104,400",,1,1,1
07/10/2021,All Races/Ethnicity,Fully Vaccinated,Before Pregnancy,20.4,"104,178",,1,1,1
07/17/2021,All Races/Ethnicity,Fully Vaccinated,Before Pregnancy,21.9,"104,033",,1,1,1
07/24/2021,All Races/Ethnicity,Fully Vaccinated,Before Pregnancy,23.3,"103,905",,1,1,1
07/31/2021,All Races/Ethnicity,Fully Vaccinated,Before Pregnancy,24.7,"103,746",,1,1,1
08/07/2021,All Races/Ethnicity,Fully Vaccinated,Before Pregnancy,26.2,"103,612",,1,1,1
08/14/2021,All Races/Ethnicity,Fully Vaccinated,Before Pregnancy,27.7,"103,349",,1,1,1
08/21/2021,All Races/Ethnicity,Fully Vaccinated,Before Pregnancy,29.2,"103,173",,1,1,1
08/28/2021,All Races/Ethnicity,Fully Vaccinated,Before Pregnancy,30.6,"102,762",,1,1,1
09/04/2021,All Races/Ethnicity,Fully Vaccinated,Before Pregnancy,32.1,"102,509",,1,1,1
09/11/2021,All Races/Ethnicity,Fully Vaccinated,Before Pregnancy,33.7,"102,196",,1,1,1
09/18/2021,All Races/Ethnicity,Fully Vaccinated,Before Pregnancy,35.2,"102,038",,1,1,1
09/25/2021,All Races/Ethnicity,Fully Vaccinated,Before Pregnancy,36.9,"101,757",,1,1,1
10/02/2021,All Races/Ethnicity,Fully Vaccinated,Before Pregnancy,38.6,"101,559",,1,1,1
10/09/2021,All Races/Ethnicity,Fully Vaccinated,Before Pregnancy,40.2,"101,430",,1,1,1
10/16/2021,All Races/Ethnicity,Fully Vaccinated,Before Pregnancy,41.9,"101,314",,1,1,1
10/23/2021,All Races/Ethnicity,Fully Vaccinated,Before Pregnancy,43.5,"101,246",,1,1,1
10/30/2021,All Races/Ethnicity,Fully Vaccinated,Before Pregnancy,45.1,"101,207",,1,1,1
11/06/2021,All Races/Ethnicity,Fully Vaccinated,Before Pregnancy,46.8,"101,361",,1,1,1
11/13/2021,All Races/Ethnicity,Fully Vaccinated,Before Pregnancy,48.3,"101,487",,1,1,1
11/20/2021,All Races/Ethnicity,Fully Vaccinated,Before Pregnancy,49.9,"101,537",,1,1,1
11/27/2021,All Races/Ethnicity,Fully Vaccinated,Before Pregnancy,51.3,"101,778",,1,1,1
12/04/2021,All Races/Ethnicity,Fully Vaccinated,Before Pregnancy,52.7,"102,108",,1,1,1
12/11/2021,All Races/Ethnicity,Fully Vaccinated,Before Pregnancy,54,"101,925",,1,1,1
12/18/2021,All Races/Ethnicity,Fully Vaccinated,Before Pregnancy,55.4,"102,046",,1,1,1
12/25/2021,All Races/Ethnicity,Fully Vaccinated,Before Pregnancy,56.7,"101,941",,1,1,1
01/01/2022,All Races/Ethnicity,Fully Vaccinated,Before Pregnancy,57.9,"102,144",,1,1,1
01/08/2022,All Races/Ethnicity,Fully Vaccinated,Before Pregnancy,59,"102,176",,1,1,1
01/15/2022,All Races/Ethnicity,Fully Vaccinated,Before Pregnancy,60,"102,140",,1,1,1
01/22/2022,All Races/Ethnicity,Fully Vaccinated,Before Pregnancy,61,"102,076",,1,1,1
01/29/2022,All Races/Ethnicity,Fully Vaccinated,Before Pregnancy,61.9,"102,185",,1,1,1
02/05/2022,All Races/Ethnicity,Fully Vaccinated,Before Pregnancy,62.8,"102,404",,1,1,1
02/12/2022,All Races/Ethnicity,Fully Vaccinated,Before Pregnancy,63.5,"102,318",,1,1,1
02/19/2022,All Races/Ethnicity,Fully Vaccinated,Before Pregnancy,64.1,"102,158",,1,1,1
02/26/2022,All Races/Ethnicity,Fully Vaccinated,Before Pregnancy,64.7,"102,250",,1,1,1
03/05/2022,All Races/Ethnicity,Fully Vaccinated,Before Pregnancy,65.1,"102,305",,1,1,1
03/12/2022,All Races/Ethnicity,Fully Vaccinated,Before Pregnancy,65.6,"102,234",,1,1,1
03/19/2022,All Races/Ethnicity,Fully Vaccinated,Before Pregnancy,66,"102,132",,1,1,1
03/26/2022,All Races/Ethnicity,Fully Vaccinated,Before Pregnancy,66.4,"102,044",,1,1,1
04/02/2022,All Races/Ethnicity,Fully Vaccinated,Before Pregnancy,66.7,"101,916",,1,1,1
04/09/2022,All Races/Ethnicity,Fully Vaccinated,Before Pregnancy,67,"101,836",,1,1,1
04/16/2022,All Races/Ethnicity,Fully Vaccinated,Before Pregnancy,67.3,"101,844",,1,1,1
04/23/2022,All Races/Ethnicity,Fully Vaccinated,Before Pregnancy,67.6,"101,838",,1,1,1
04/30/2022,All Races/Ethnicity,Fully Vaccinated,Before Pregnancy,67.9,"101,818",,1,1,1
05/07/2022,All Races/Ethnicity,Fully Vaccinated,Before Pregnancy,68.2,"101,806",,1,1,1
05/14/2022,All Races/Ethnicity,Fully Vaccinated,Before Pregnancy,68.4,"101,657",,1,1,1
05/21/2022,All Races/Ethnicity,Fully Vaccinated,Before Pregnancy,68.7,"101,596",,1,1,1
05/28/2022,All Races/Ethnicity,Fully Vaccinated,Before Pregnancy,69,"101,453",,1,1,1
06/04/2022,All Races/Ethnicity,Fully Vaccinated,Before Pregnancy,69.2,"101,248",,1,1,1
06/11/2022,All Races/Ethnicity,Fully Vaccinated,Before Pregnancy,69.5,"101,227",,1,1,1
06/18/2022,All Races/Ethnicity,Fully Vaccinated,Before Pregnancy,69.6,"101,178",,1,1,1
06/25/2022,All Races/Ethnicity,Fully Vaccinated,Before Pregnancy,69.8,"101,270",,1,1,1
07/02/2022,All Races/Ethnicity,Fully Vaccinated,Before Pregnancy,69.9,"101,364",,1,1,1
07/09/2022,All Races/Ethnicity,Fully Vaccinated,Before Pregnancy,70,"101,381",,1,1,1
07/16/2022,All Races/Ethnicity,Fully Vaccinated,Before Pregnancy,70.1,"101,607",,1,1,1
07/23/2022,All Races/Ethnicity,Fully Vaccinated,Before Pregnancy,70.2,"101,548",,1,1,1
07/30/2022,All Races/Ethnicity,Fully Vaccinated,Before Pregnancy,70.3,"101,475",,1,1,1
08/06/2022,All Races/Ethnicity,Fully Vaccinated,Before Pregnancy,70.4,"101,515",,1,1,1
08/13/2022,All Races/Ethnicity,Fully Vaccinated,Before Pregnancy,70.4,"101,408",,1,1,1
08/20/2022,All Races/Ethnicity,Fully Vaccinated,Before Pregnancy,70.4,"101,419",,1,1,1
08/27/2022,All Races/Ethnicity,Fully Vaccinated,Before Pregnancy,70.5,"101,347",,1,1,1
09/03/2022,All Races/Ethnicity,Fully Vaccinated,Before Pregnancy,70.6,"101,149",,1,1,1
09/10/2022,All Races/Ethnicity,Fully Vaccinated,Before Pregnancy,70.6,"100,842",,1,1,1
09/17/2022,All Races/Ethnicity,Fully Vaccinated,Before Pregnancy,70.7,"100,832",,1,1,1
09/24/2022,All Races/Ethnicity,Fully Vaccinated,Before Pregnancy,70.7,"100,885",,1,1,1
10/01/2022,All Races/Ethnicity,Fully Vaccinated,Before Pregnancy,70.7,"100,903",,1,1,1
10/08/2022,All Races/Ethnicity,Fully Vaccinated,Before Pregnancy,70.8,"101,037",,1,1,1
10/15/2022,All Races/Ethnicity,Fully Vaccinated,Before Pregnancy,70.9,"101,436",,1,1,1
10/22/2022,All Races/Ethnicity,Fully Vaccinated,Before Pregnancy,71,"101,932",,1,1,1
10/29/2022,All Races/Ethnicity,Fully Vaccinated,Before Pregnancy,71,"102,400",,1,1,1
11/05/2022,All Races/Ethnicity,Fully Vaccinated,Before Pregnancy,71.1,"102,759",,1,1,1
11/12/2022,All Races/Ethnicity,Fully Vaccinated,Before Pregnancy,71.1,"102,937",,1,1,1
11/19/2022,All Races/Ethnicity,Fully Vaccinated,Before Pregnancy,71.1,"103,142",,1,1,1
11/26/2022,All Races/Ethnicity,Fully Vaccinated,Before Pregnancy,71.1,"102,794",,1,1,1
12/03/2022,All Races/Ethnicity,Fully Vaccinated,Before Pregnancy,71.1,"102,932",,1,1,1
12/10/2022,All Races/Ethnicity,Fully Vaccinated,Before Pregnancy,71.2,"102,461",,1,1,1
12/17/2022,All Races/Ethnicity,Fully Vaccinated,Before Pregnancy,71.1,"102,445",,1,1,1
12/24/2022,All Races/Ethnicity,Fully Vaccinated,Before Pregnancy,71.1,"102,294",,1,1,1
12/31/2022,All Races/Ethnicity,Fully Vaccinated,Before Pregnancy,71.1,"102,051",,1,1,1
01/07/2023,All Races/Ethnicity,Fully Vaccinated,Before Pregnancy,71.1,"102,268",,1,1,1
01/14/2023,All Races/Ethnicity,Fully Vaccinated,Before Pregnancy,71.1,"102,234",,1,1,1
01/21/2023,All Races/Ethnicity,Fully Vaccinated,Before Pregnancy,71.1,"102,047",,1,1,1
01/28/2023,All Races/Ethnicity,Fully Vaccinated,Before Pregnancy,71.1,"101,871",,1,1,1
02/04/2023,All Races/Ethnicity,Fully Vaccinated,Before Pregnancy,71.2,"101,644",,1,1,1
02/11/2023,All Races/Ethnicity,Fully Vaccinated,Before Pregnancy,71.2,"101,282",,1,1,1
02/18/2023,All Races/Ethnicity,Fully Vaccinated,Before Pregnancy,71.2,"100,858",,1,1,1
02/25/2023,All Races/Ethnicity,Fully Vaccinated,Before Pregnancy,71.2,"100,257",,1,1,1
03/04/2023,All Races/Ethnicity,Fully Vaccinated,Before Pregnancy,71.3,"99,665",,1,1,1
03/11/2023,All Races/Ethnicity,Fully Vaccinated,Before Pregnancy,71.3,"98,855",,1,1,1
03/18/2023,All Races/Ethnicity,Fully Vaccinated,Before Pregnancy,71.3,"97,960",,1,1,1
03/25/2023,All Races/Ethnicity,Fully Vaccinated,Before Pregnancy,71.4,"96,831",,1,1,1
04/01/2023,All Races/Ethnicity,Fully Vaccinated,Before Pregnancy,71.4,"95,338",,1,1,1
04/08/2023,All Races/Ethnicity,Fully Vaccinated,Before Pregnancy,71.4,"93,718",,1,1,1
04/15/2023,All Races/Ethnicity,Fully Vaccinated,Before Pregnancy,71.4,"91,606",,1,1,1
04/22/2023,All Races/Ethnicity,Fully Vaccinated,Before Pregnancy,71.5,"89,003",,1,1,1
04/29/2023,All Races/Ethnicity,Fully Vaccinated,Before Pregnancy,71.5,"86,174",,1,1,1
05/06/2023,All Races/Ethnicity,Fully Vaccinated,Before Pregnancy,71.5,"83,188",,1,1,1
05/13/2023,All Races/Ethnicity,Fully Vaccinated,Before Pregnancy,71.5,"79,925",,1,1,1
05/20/2023,All Races/Ethnicity,Fully Vaccinated,Before Pregnancy,71.4,"76,756",,1,1,1
05/27/2023,All Races/Ethnicity,Fully Vaccinated,Before Pregnancy,71.5,"73,590",,1,1,1
06/03/2023,All Races/Ethnicity,Fully Vaccinated,Before Pregnancy,71.4,"70,671",,1,1,1
12/19/2020,All Races/Ethnicity,Fully Vaccinated,During Pregnancy,0,"102,081",,1,1,3
12/26/2020,All Races/Ethnicity,Fully Vaccinated,During Pregnancy,0,"102,733",,1,1,3
01/02/2021,All Races/Ethnicity,Fully Vaccinated,During Pregnancy,0,"103,439",,1,1,3
01/09/2021,All Races/Ethnicity,Fully Vaccinated,During Pregnancy,0.2,"103,890",,1,1,3
01/16/2021,All Races/Ethnicity,Fully Vaccinated,During Pregnancy,0.6,"104,250",,1,1,3
01/23/2021,All Races/Ethnicity,Fully Vaccinated,During Pregnancy,0.9,"104,326",,1,1,3
01/30/2021,All Races/Ethnicity,Fully Vaccinated,During Pregnancy,1.4,"104,623",,1,1,3
02/06/2021,All Races/Ethnicity,Fully Vaccinated,During Pregnancy,2,"104,946",,1,1,3
02/13/2021,All Races/Ethnicity,Fully Vaccinated,During Pregnancy,2.6,"104,927",,1,1,3
02/20/2021,All Races/Ethnicity,Fully Vaccinated,During Pregnancy,3.2,"105,005",,1,1,3
02/27/2021,All Races/Ethnicity,Fully Vaccinated,During Pregnancy,3.6,"105,186",,1,1,3
03/06/2021,All Races/Ethnicity,Fully Vaccinated,During Pregnancy,4,"105,374",,1,1,3
03/13/2021,All Races/Ethnicity,Fully Vaccinated,During Pregnancy,4.7,"105,426",,1,1,3
03/20/2021,All Races/Ethnicity,Fully Vaccinated,During Pregnancy,5.6,"105,416",,1,1,3
03/27/2021,All Races/Ethnicity,Fully Vaccinated,During Pregnancy,6.9,"105,411",,1,1,3
04/03/2021,All Races/Ethnicity,Fully Vaccinated,During Pregnancy,8.1,"105,268",,1,1,3
04/10/2021,All Races/Ethnicity,Fully Vaccinated,During Pregnancy,10,"105,282",,1,1,3
04/17/2021,All Races/Ethnicity,Fully Vaccinated,During Pregnancy,12.1,"105,334",,1,1,3
04/24/2021,All Races/Ethnicity,Fully Vaccinated,During Pregnancy,14.3,"105,124",,1,1,3
05/01/2021,All Races/Ethnicity,Fully Vaccinated,During Pregnancy,16.1,"105,018",,1,1,3
05/08/2021,All Races/Ethnicity,Fully Vaccinated,During Pregnancy,17.7,"104,992",,1,1,3
05/15/2021,All Races/Ethnicity,Fully Vaccinated,During Pregnancy,18.7,"104,992",,1,1,3
05/22/2021,All Races/Ethnicity,Fully Vaccinated,During Pregnancy,19.6,"105,044",,1,1,3
05/29/2021,All Races/Ethnicity,Fully Vaccinated,During Pregnancy,20.1,"104,914",,1,1,3
06/05/2021,All Races/Ethnicity,Fully Vaccinated,During Pregnancy,20.2,"104,718",,1,1,3
06/12/2021,All Races/Ethnicity,Fully Vaccinated,During Pregnancy,20.4,"104,721",,1,1,3
06/19/2021,All Races/Ethnicity,Fully Vaccinated,During Pregnancy,20.4,"104,629",,1,1,3
06/26/2021,All Races/Ethnicity,Fully Vaccinated,During Pregnancy,20.1,"104,633",,1,1,3
07/03/2021,All Races/Ethnicity,Fully Vaccinated,During Pregnancy,19.9,"104,400",,1,1,3
07/10/2021,All Races/Ethnicity,Fully Vaccinated,During Pregnancy,19.6,"104,178",,1,1,3
07/17/2021,All Races/Ethnicity,Fully Vaccinated,During Pregnancy,19.2,"104,033",,1,1,3
07/24/2021,All Races/Ethnicity,Fully Vaccinated,During Pregnancy,18.8,"103,905",,1,1,3
07/31/2021,All Races/Ethnicity,Fully Vaccinated,During Pregnancy,18.4,"103,746",,1,1,3
08/07/2021,All Races/Ethnicity,Fully Vaccinated,During Pregnancy,17.9,"103,612",,1,1,3
08/14/2021,All Races/Ethnicity,Fully Vaccinated,During Pregnancy,17.6,"103,349",,1,1,3
08/21/2021,All Races/Ethnicity,Fully Vaccinated,During Pregnancy,17.4,"103,173",,1,1,3
08/28/2021,All Races/Ethnicity,Fully Vaccinated,During Pregnancy,17.2,"102,762",,1,1,3
09/04/2021,All Races/Ethnicity,Fully Vaccinated,During Pregnancy,17,"102,509",,1,1,3
09/11/2021,All Races/Ethnicity,Fully Vaccinated,During Pregnancy,17.1,"102,196",,1,1,3
09/18/2021,All Races/Ethnicity,Fully Vaccinated,During Pregnancy,17.3,"102,038",,1,1,3
09/25/2021,All Races/Ethnicity,Fully Vaccinated,During Pregnancy,17.3,"101,757",,1,1,3
10/02/2021,All Races/Ethnicity,Fully Vaccinated,During Pregnancy,17,"101,559",,1,1,3
10/09/2021,All Races/Ethnicity,Fully Vaccinated,During Pregnancy,16.5,"101,430",,1,1,3
10/16/2021,All Races/Ethnicity,Fully Vaccinated,During Pregnancy,15.8,"101,314",,1,1,3
10/23/2021,All Races/Ethnicity,Fully Vaccinated,During Pregnancy,15.2,"101,246",,1,1,3
10/30/2021,All Races/Ethnicity,Fully Vaccinated,During Pregnancy,14.4,"101,207",,1,1,3
11/06/2021,All Races/Ethnicity,Fully Vaccinated,During Pregnancy,13.7,"101,361",,1,1,3
11/13/2021,All Races/Ethnicity,Fully Vaccinated,During Pregnancy,12.8,"101,487",,1,1,3
11/20/2021,All Races/Ethnicity,Fully Vaccinated,During Pregnancy,11.9,"101,537",,1,1,3
11/27/2021,All Races/Ethnicity,Fully Vaccinated,During Pregnancy,11.1,"101,778",,1,1,3
12/04/2021,All Races/Ethnicity,Fully Vaccinated,During Pregnancy,10.3,"102,108",,1,1,3
12/11/2021,All Races/Ethnicity,Fully Vaccinated,During Pregnancy,9.4,"101,925",,1,1,3
12/18/2021,All Races/Ethnicity,Fully Vaccinated,During Pregnancy,8.6,"102,046",,1,1,3
12/25/2021,All Races/Ethnicity,Fully Vaccinated,During Pregnancy,7.9,"101,941",,1,1,3
01/01/2022,All Races/Ethnicity,Fully Vaccinated,During Pregnancy,7.3,"102,144",,1,1,3
01/08/2022,All Races/Ethnicity,Fully Vaccinated,During Pregnancy,6.7,"102,176",,1,1,3
01/15/2022,All Races/Ethnicity,Fully Vaccinated,During Pregnancy,6.2,"102,140",,1,1,3
01/22/2022,All Races/Ethnicity,Fully Vaccinated,During Pregnancy,5.8,"102,076",,1,1,3
01/29/2022,All Races/Ethnicity,Fully Vaccinated,During Pregnancy,5.4,"102,185",,1,1,3
02/05/2022,All Races/Ethnicity,Fully Vaccinated,During Pregnancy,5.1,"102,404",,1,1,3
02/12/2022,All Races/Ethnicity,Fully Vaccinated,During Pregnancy,4.8,"102,318",,1,1,3
02/19/2022,All Races/Ethnicity,Fully Vaccinated,During Pregnancy,4.6,"102,158",,1,1,3
02/26/2022,All Races/Ethnicity,Fully Vaccinated,During Pregnancy,4.4,"102,250",,1,1,3
03/05/2022,All Races/Ethnicity,Fully Vaccinated,During Pregnancy,4.1,"102,305",,1,1,3
03/12/2022,All Races/Ethnicity,Fully Vaccinated,During Pregnancy,3.9,"102,234",,1,1,3
03/19/2022,All Races/Ethnicity,Fully Vaccinated,During Pregnancy,3.7,"102,132",,1,1,3
03/26/2022,All Races/Ethnicity,Fully Vaccinated,During Pregnancy,3.4,"102,044",,1,1,3
04/02/2022,All Races/Ethnicity,Fully Vaccinated,During Pregnancy,3.2,"101,916",,1,1,3
04/09/2022,All Races/Ethnicity,Fully Vaccinated,During Pregnancy,3,"101,836",,1,1,3
04/16/2022,All Races/Ethnicity,Fully Vaccinated,During Pregnancy,2.8,"101,844",,1,1,3
04/23/2022,All Races/Ethnicity,Fully Vaccinated,During Pregnancy,2.6,"101,838",,1,1,3
04/30/2022,All Races/Ethnicity,Fully Vaccinated,During Pregnancy,2.4,"101,818",,1,1,3
05/07/2022,All Races/Ethnicity,Fully Vaccinated,During Pregnancy,2.2,"101,806",,1,1,3
05/14/2022,All Races/Ethnicity,Fully Vaccinated,During Pregnancy,2,"101,657",,1,1,3
05/21/2022,All Races/Ethnicity,Fully Vaccinated,During Pregnancy,1.8,"101,596",,1,1,3
05/28/2022,All Races/Ethnicity,Fully Vaccinated,During Pregnancy,1.6,"101,453",,1,1,3
06/04/2022,All Races/Ethnicity,Fully Vaccinated,During Pregnancy,1.4,"101,248",,1,1,3
06/11/2022,All Races/Ethnicity,Fully Vaccinated,During Pregnancy,1.3,"101,227",,1,1,3
06/18/2022,All Races/Ethnicity,Fully Vaccinated,During Pregnancy,1.2,"101,178",,1,1,3
06/25/2022,All Races/Ethnicity,Fully Vaccinated,During Pregnancy,1.1,"101,270",,1,1,3
07/02/2022,All Races/Ethnicity,Fully Vaccinated,During Pregnancy,1,"101,364",,1,1,3
07/09/2022,All Races/Ethnicity,Fully Vaccinated,During Pregnancy,0.9,"101,381",,1,1,3
07/16/2022,All Races/Ethnicity,Fully Vaccinated,During Pregnancy,0.9,"101,607",,1,1,3
07/23/2022,All Races/Ethnicity,Fully Vaccinated,During Pregnancy,0.8,"101,548",,1,1,3
07/30/2022,All Races/Ethnicity,Fully Vaccinated,During Pregnancy,0.8,"101,475",,1,1,3
08/06/2022,All Races/Ethnicity,Fully Vaccinated,During Pregnancy,0.7,"101,515",,1,1,3
08/13/2022,All Races/Ethnicity,Fully Vaccinated,During Pregnancy,0.6,"101,408",,1,1,3
08/20/2022,All Races/Ethnicity,Fully Vaccinated,During Pregnancy,0.6,"101,419",,1,1,3
08/27/2022,All Races/Ethnicity,Fully Vaccinated,During Pregnancy,0.5,"101,347",,1,1,3
09/03/2022,All Races/Ethnicity,Fully Vaccinated,During Pregnancy,0.5,"101,149",,1,1,3
09/10/2022,All Races/Ethnicity,Fully Vaccinated,During Pregnancy,0.5,"100,842",,1,1,3
09/17/2022,All Races/Ethnicity,Fully Vaccinated,During Pregnancy,0.4,"100,832",,1,1,3
09/24/2022,All Races/Ethnicity,Fully Vaccinated,During Pregnancy,0.4,"100,885",,1,1,3
10/01/2022,All Races/Ethnicity,Fully Vaccinated,During Pregnancy,0.4,"100,903",,1,1,3
10/08/2022,All Races/Ethnicity,Fully Vaccinated,During Pregnancy,0.3,"101,037",,1,1,3
12/24/2022,"Asian, NH",Fully Vaccinated,Any,89.1,"15,051",,2,2,NULL
12/31/2022,"Asian, NH",Fully Vaccinated,Any,89.1,"14,984",,2,2,NULL
01/07/2023,"Asian, NH",Fully Vaccinated,Any,89.1,"14,983",,2,2,NULL
01/14/2023,"Asian, NH",Fully Vaccinated,Any,89.1,"14,944",,2,2,NULL
01/21/2023,"Asian, NH",Fully Vaccinated,Any,89,"14,914",,2,2,NULL
01/28/2023,"Asian, NH",Fully Vaccinated,Any,89.1,"14,826",,2,2,NULL
02/04/2023,"Asian, NH",Fully Vaccinated,Any,89.1,"14,829",,2,2,NULL
02/11/2023,"Asian, NH",Fully Vaccinated,Any,88.9,"14,768",,2,2,NULL
02/18/2023,"Asian, NH",Fully Vaccinated,Any,89,"14,680",,2,2,NULL
02/25/2023,"Asian, NH",Fully Vaccinated,Any,89.1,"14,581",,2,2,NULL
03/04/2023,"Asian, NH",Fully Vaccinated,Any,89,"14,542",,2,2,NULL
03/11/2023,"Asian, NH",Fully Vaccinated,Any,89,"14,459",,2,2,NULL
03/18/2023,"Asian, NH",Fully Vaccinated,Any,88.9,"14,381",,2,2,NULL
03/25/2023,"Asian, NH",Fully Vaccinated,Any,88.9,"14,242",,2,2,NULL
04/01/2023,"Asian, NH",Fully Vaccinated,Any,89,"14,009",,2,2,NULL
04/08/2023,"Asian, NH",Fully Vaccinated,Any,88.9,"13,734",,2,2,NULL
04/15/2023,"Asian, NH",Fully Vaccinated,Any,88.9,"13,427",,2,2,NULL
04/22/2023,"Asian, NH",Fully Vaccinated,Any,88.9,"13,051",,2,2,NULL
04/29/2023,"Asian, NH",Fully Vaccinated,Any,89,"12,645",,2,2,NULL
05/06/2023,"Asian, NH",Fully Vaccinated,Any,88.9,"12,191",,2,2,NULL
10/15/2022,All Races/Ethnicity,Fully Vaccinated,During Pregnancy,0.3,"101,436",,1,1,3
10/22/2022,All Races/Ethnicity,Fully Vaccinated,During Pregnancy,0.3,"101,932",,1,1,3
10/29/2022,All Races/Ethnicity,Fully Vaccinated,During Pregnancy,0.2,"102,400",,1,1,3
11/05/2022,All Races/Ethnicity,Fully Vaccinated,During Pregnancy,0.2,"102,759",,1,1,3
11/12/2022,All Races/Ethnicity,Fully Vaccinated,During Pregnancy,0.2,"102,937",,1,1,3
11/19/2022,All Races/Ethnicity,Fully Vaccinated,During Pregnancy,0.2,"103,142",,1,1,3
11/26/2022,All Races/Ethnicity,Fully Vaccinated,During Pregnancy,0.2,"102,794",,1,1,3
12/03/2022,All Races/Ethnicity,Fully Vaccinated,During Pregnancy,0.2,"102,932",,1,1,3
12/10/2022,All Races/Ethnicity,Fully Vaccinated,During Pregnancy,0.2,"102,461",,1,1,3
12/17/2022,All Races/Ethnicity,Fully Vaccinated,During Pregnancy,0.2,"102,445",,1,1,3
12/24/2022,All Races/Ethnicity,Fully Vaccinated,During Pregnancy,0.2,"102,294",,1,1,3
12/31/2022,All Races/Ethnicity,Fully Vaccinated,During Pregnancy,0.1,"102,051",,1,1,3
01/07/2023,All Races/Ethnicity,Fully Vaccinated,During Pregnancy,0.1,"102,268",,1,1,3
01/14/2023,All Races/Ethnicity,Fully Vaccinated,During Pregnancy,0.1,"102,234",,1,1,3
01/21/2023,All Races/Ethnicity,Fully Vaccinated,During Pregnancy,0.1,"102,047",,1,1,3
01/28/2023,All Races/Ethnicity,Fully Vaccinated,During Pregnancy,0.1,"101,871",,1,1,3
02/04/2023,All Races/Ethnicity,Fully Vaccinated,During Pregnancy,0.1,"101,644",,1,1,3
02/11/2023,All Races/Ethnicity,Fully Vaccinated,During Pregnancy,0.1,"101,282",,1,1,3
02/18/2023,All Races/Ethnicity,Fully Vaccinated,During Pregnancy,0.1,"100,858",,1,1,3
02/25/2023,All Races/Ethnicity,Fully Vaccinated,During Pregnancy,0.1,"100,257",,1,1,3
03/04/2023,All Races/Ethnicity,Fully Vaccinated,During Pregnancy,0.1,"99,665",,1,1,3
03/11/2023,All Races/Ethnicity,Fully Vaccinated,During Pregnancy,0.1,"98,855",,1,1,3
03/18/2023,All Races/Ethnicity,Fully Vaccinated,During Pregnancy,0.1,"97,960",,1,1,3
03/25/2023,All Races/Ethnicity,Fully Vaccinated,During Pregnancy,0.1,"96,831",,1,1,3
04/01/2023,All Races/Ethnicity,Fully Vaccinated,During Pregnancy,0.1,"95,338",,1,1,3
04/08/2023,All Races/Ethnicity,Fully Vaccinated,During Pregnancy,0.1,"93,718",,1,1,3
04/15/2023,All Races/Ethnicity,Fully Vaccinated,During Pregnancy,0.1,"91,606",,1,1,3
04/22/2023,All Races/Ethnicity,Fully Vaccinated,During Pregnancy,0.1,"89,003",,1,1,3
04/29/2023,All Races/Ethnicity,Fully Vaccinated,During Pregnancy,0.1,"86,174",,1,1,3
05/06/2023,All Races/Ethnicity,Fully Vaccinated,During Pregnancy,0.1,"83,188",,1,1,3
05/13/2023,All Races/Ethnicity,Fully Vaccinated,During Pregnancy,0.1,"79,925",,1,1,3
05/20/2023,All Races/Ethnicity,Fully Vaccinated,During Pregnancy,0.1,"76,756",,1,1,3
05/27/2023,All Races/Ethnicity,Fully Vaccinated,During Pregnancy,0.1,"73,590",,1,1,3
06/03/2023,All Races/Ethnicity,Fully Vaccinated,During Pregnancy,0.1,"70,671",,1,1,3
12/19/2020,All Races/Ethnicity,Fully Vaccinated,Any,0,"102,081",,1,2,NULL
12/26/2020,All Races/Ethnicity,Fully Vaccinated,Any,0,"102,733",,1,2,NULL
01/02/2021,All Races/Ethnicity,Fully Vaccinated,Any,0,"103,439",,1,2,NULL
01/09/2021,All Races/Ethnicity,Fully Vaccinated,Any,0.2,"103,890",,1,2,NULL
01/16/2021,All Races/Ethnicity,Fully Vaccinated,Any,0.7,"104,250",,1,2,NULL
01/23/2021,All Races/Ethnicity,Fully Vaccinated,Any,1.2,"104,326",,1,2,NULL
01/30/2021,All Races/Ethnicity,Fully Vaccinated,Any,2,"104,623",,1,2,NULL
02/06/2021,All Races/Ethnicity,Fully Vaccinated,Any,2.9,"104,946",,1,2,NULL
02/13/2021,All Races/Ethnicity,Fully Vaccinated,Any,4,"104,927",,1,2,NULL
02/20/2021,All Races/Ethnicity,Fully Vaccinated,Any,5,"105,005",,1,2,NULL
02/27/2021,All Races/Ethnicity,Fully Vaccinated,Any,5.8,"105,186",,1,2,NULL
03/06/2021,All Races/Ethnicity,Fully Vaccinated,Any,6.7,"105,374",,1,2,NULL
03/13/2021,All Races/Ethnicity,Fully Vaccinated,Any,7.9,"105,426",,1,2,NULL
03/20/2021,All Races/Ethnicity,Fully Vaccinated,Any,9.4,"105,416",,1,2,NULL
03/27/2021,All Races/Ethnicity,Fully Vaccinated,Any,11.5,"105,411",,1,2,NULL
04/03/2021,All Races/Ethnicity,Fully Vaccinated,Any,13.6,"105,268",,1,2,NULL
04/10/2021,All Races/Ethnicity,Fully Vaccinated,Any,16.4,"105,282",,1,2,NULL
04/17/2021,All Races/Ethnicity,Fully Vaccinated,Any,19.5,"105,334",,1,2,NULL
04/24/2021,All Races/Ethnicity,Fully Vaccinated,Any,22.9,"105,124",,1,2,NULL
05/01/2021,All Races/Ethnicity,Fully Vaccinated,Any,25.9,"105,018",,1,2,NULL
05/08/2021,All Races/Ethnicity,Fully Vaccinated,Any,28.9,"104,992",,1,2,NULL
05/15/2021,All Races/Ethnicity,Fully Vaccinated,Any,31.4,"104,992",,1,2,NULL
05/22/2021,All Races/Ethnicity,Fully Vaccinated,Any,33.8,"105,044",,1,2,NULL
05/29/2021,All Races/Ethnicity,Fully Vaccinated,Any,35.8,"104,914",,1,2,NULL
06/05/2021,All Races/Ethnicity,Fully Vaccinated,Any,37.5,"104,718",,1,2,NULL
06/12/2021,All Races/Ethnicity,Fully Vaccinated,Any,39.1,"104,721",,1,2,NULL
06/19/2021,All Races/Ethnicity,Fully Vaccinated,Any,40.6,"104,629",,1,2,NULL
06/26/2021,All Races/Ethnicity,Fully Vaccinated,Any,41.9,"104,633",,1,2,NULL
07/03/2021,All Races/Ethnicity,Fully Vaccinated,Any,43,"104,400",,1,2,NULL
07/10/2021,All Races/Ethnicity,Fully Vaccinated,Any,44.2,"104,178",,1,2,NULL
05/13/2023,"Asian, NH",Fully Vaccinated,Any,88.9,"11,745",,2,2,NULL
05/20/2023,"Asian, NH",Fully Vaccinated,Any,89,"11,252",,2,2,NULL
05/27/2023,"Asian, NH",Fully Vaccinated,Any,89,"10,768",,2,2,NULL
06/03/2023,"Asian, NH",Fully Vaccinated,Any,89,"10,304",,2,2,NULL
01/09/2021,"Black, NH",Fully Vaccinated,Any,0.1,"7,770",,3,2,NULL
01/16/2021,"Black, NH",Fully Vaccinated,Any,0.1,"7,786",,3,2,NULL
01/23/2021,"Black, NH",Fully Vaccinated,Any,0.3,"7,795",,3,2,NULL
01/30/2021,"Black, NH",Fully Vaccinated,Any,0.6,"7,820",,3,2,NULL
02/06/2021,"Black, NH",Fully Vaccinated,Any,1.1,"7,831",,3,2,NULL
02/13/2021,"Black, NH",Fully Vaccinated,Any,1.5,"7,848",,3,2,NULL
02/20/2021,"Black, NH",Fully Vaccinated,Any,1.9,"7,841",,3,2,NULL
02/27/2021,"Black, NH",Fully Vaccinated,Any,2.3,"7,862",,3,2,NULL
03/06/2021,"Black, NH",Fully Vaccinated,Any,2.8,"7,898",,3,2,NULL
03/13/2021,"Black, NH",Fully Vaccinated,Any,3.4,"7,895",,3,2,NULL
03/20/2021,"Black, NH",Fully Vaccinated,Any,4,"7,868",,3,2,NULL
03/27/2021,"Black, NH",Fully Vaccinated,Any,4.7,"7,885",,3,2,NULL
04/03/2021,"Black, NH",Fully Vaccinated,Any,5.5,"7,862",,3,2,NULL
04/10/2021,"Black, NH",Fully Vaccinated,Any,6.7,"7,842",,3,2,NULL
04/17/2021,"Black, NH",Fully Vaccinated,Any,7.7,"7,848",,3,2,NULL
04/24/2021,"Black, NH",Fully Vaccinated,Any,9,"7,816",,3,2,NULL
05/01/2021,"Black, NH",Fully Vaccinated,Any,10.4,"7,844",,3,2,NULL
05/08/2021,"Black, NH",Fully Vaccinated,Any,11.8,"7,891",,3,2,NULL
05/15/2021,"Black, NH",Fully Vaccinated,Any,12.9,"7,900",,3,2,NULL
05/22/2021,"Black, NH",Fully Vaccinated,Any,14.4,"7,925",,3,2,NULL
05/29/2021,"Black, NH",Fully Vaccinated,Any,15.6,"7,887",,3,2,NULL
06/05/2021,"Black, NH",Fully Vaccinated,Any,16.8,"7,892",,3,2,NULL
06/12/2021,"Black, NH",Fully Vaccinated,Any,17.8,"7,904",,3,2,NULL
06/19/2021,"Black, NH",Fully Vaccinated,Any,18.9,"7,892",,3,2,NULL
06/26/2021,"Black, NH",Fully Vaccinated,Any,20,"7,907",,3,2,NULL
07/03/2021,"Black, NH",Fully Vaccinated,Any,21,"7,887",,3,2,NULL
07/10/2021,"Black, NH",Fully Vaccinated,Any,22.1,"7,805",,3,2,NULL
07/17/2021,"Black, NH",Fully Vaccinated,Any,23.2,"7,769",,3,2,NULL
07/24/2021,"Black, NH",Fully Vaccinated,Any,24,"7,742",,3,2,NULL
07/31/2021,"Black, NH",Fully Vaccinated,Any,25,"7,683",,3,2,NULL
08/07/2021,"Black, NH",Fully Vaccinated,Any,25.8,"7,653",,3,2,NULL
08/14/2021,"Black, NH",Fully Vaccinated,Any,26.8,"7,621",,3,2,NULL
08/21/2021,"Black, NH",Fully Vaccinated,Any,27.9,"7,582",,3,2,NULL
08/28/2021,"Black, NH",Fully Vaccinated,Any,29.2,"7,540",,3,2,NULL
07/17/2021,All Races/Ethnicity,Fully Vaccinated,Any,45.3,"104,033",,1,2,NULL
07/24/2021,All Races/Ethnicity,Fully Vaccinated,Any,46.3,"103,905",,1,2,NULL
07/31/2021,All Races/Ethnicity,Fully Vaccinated,Any,47.3,"103,746",,1,2,NULL
08/07/2021,All Races/Ethnicity,Fully Vaccinated,Any,48.4,"103,612",,1,2,NULL
08/14/2021,All Races/Ethnicity,Fully Vaccinated,Any,49.5,"103,349",,1,2,NULL
08/21/2021,All Races/Ethnicity,Fully Vaccinated,Any,50.8,"103,173",,1,2,NULL
08/28/2021,All Races/Ethnicity,Fully Vaccinated,Any,52.2,"102,762",,1,2,NULL
09/04/2021,All Races/Ethnicity,Fully Vaccinated,Any,53.7,"102,509",,1,2,NULL
09/11/2021,All Races/Ethnicity,Fully Vaccinated,Any,55.4,"102,196",,1,2,NULL
09/18/2021,All Races/Ethnicity,Fully Vaccinated,Any,57.2,"102,038",,1,2,NULL
09/25/2021,All Races/Ethnicity,Fully Vaccinated,Any,59,"101,757",,1,2,NULL
10/02/2021,All Races/Ethnicity,Fully Vaccinated,Any,60.3,"101,559",,1,2,NULL
10/09/2021,All Races/Ethnicity,Fully Vaccinated,Any,61.5,"101,430",,1,2,NULL
10/16/2021,All Races/Ethnicity,Fully Vaccinated,Any,62.5,"101,314",,1,2,NULL
10/23/2021,All Races/Ethnicity,Fully Vaccinated,Any,63.5,"101,246",,1,2,NULL
10/30/2021,All Races/Ethnicity,Fully Vaccinated,Any,64.3,"101,207",,1,2,NULL
11/06/2021,All Races/Ethnicity,Fully Vaccinated,Any,65.1,"101,361",,1,2,NULL
11/13/2021,All Races/Ethnicity,Fully Vaccinated,Any,65.7,"101,487",,1,2,NULL
11/20/2021,All Races/Ethnicity,Fully Vaccinated,Any,66.2,"101,537",,1,2,NULL
11/27/2021,All Races/Ethnicity,Fully Vaccinated,Any,66.6,"101,778",,1,2,NULL
12/04/2021,All Races/Ethnicity,Fully Vaccinated,Any,67.2,"102,108",,1,2,NULL
12/11/2021,All Races/Ethnicity,Fully Vaccinated,Any,67.5,"101,925",,1,2,NULL
12/18/2021,All Races/Ethnicity,Fully Vaccinated,Any,68,"102,046",,1,2,NULL
